"Id","Name","Name fr-FR","Card Text","Flavor Text"
"100001",".44 Magnum","Magnum .44","Arme à feu.
Frapper à toute portée : 2 points de dégâts, avec 1 manœuvre optionnelle durant chaque combat.",""
"100015","Academic Hunting Ground","École, terrain de chasse","Lieu unique. Terrain de chasse.
Durant votre phase de redressement, un vampire disponible que vous contrôlez peut gagner 1 point de sang. Un vampire ne peut gagner de points de sang que d'un seul terrain de chasse à chaque tour.",""
"100018","Aching Beauty","Beauté douloureuse","Mettez cette carte sur un Toréador. Si ce Toréador est bloqué, le contrôleur du serviteur qui bloque brûle 1 point de réserve avant la résolution du blocage.","Viens-tu du ciel profond ou sors-tu de l'abîme,
Ô Beauté ! ton regard, infernal et divin,
Verse confusément le bienfait et le crime
Charles Baudelaire, ""Hymne à la beauté"""
"100029","Aid from Bats","Aide des chauves-souris","[ani] Frapper à toute portée : 1 point de dégâts, avec 1 manœuvre optionnelle.
[ANI] Comme ci-dessus, avec 1 poursuite optionnelle.","Pendues tête en bas comme des rangées de guenilles repoussantes
Et souriant de toutes leurs dents dans leur sommeil. Des chauves-souris !
D.H. Lawrence, ""La Chauve-souris"""
"100031","Aire of Elation","Exaltation","Seulement utilisable durant une action de morsure.
[pre] +1 en morsure, avec +1 en morsure supplémentaire si ce vampire est Toréador (limité).
[PRE] +2 en morsure, avec +1 en morsure supplémentaire si ce vampire est Toréador (limité).",""
"100037","Alamut","","Lieu unique.
Après qu'un Assamite que vous contrôlez mord avec succès un Mathusalem, mettez les points de réserve perdus par ce Mathusalem sur cette carte. Brûlez X compteurs de cette carte durant l'étape de vote d'une action politique pour donner +X voix à un vampire que vous contrôlez.",""
"100046","Ambush","Embuscade","(D) Entrer en combat contre un serviteur incliné. Le serviteur qui agit reçoit 1 manœuvre optionnelle durant ce combat.","Nous frapperons depuis les ombres quand le moment sera venu, et ils tomberont tous devant nous.
Cameron, Lasombra"
"100058","Anarch Troublemaker","Anarch fauteur de trouble","Unique.
Mettez cette carte en jeu. Durant votre phase de redressement, vous pouvez donner le contrôle de l'Anarch fauteur de trouble à votre proie et soit incliner jusqu'à deux vampires sous son contrôle, soit brûler un équipement sur l'un de ses serviteurs.","Je suis l'accusateur et le vengeur du sang...
William Blake, ""Le Fantôme d'Abel"""
"100059","Anarchist Uprising","Soulèvement d'anarchistes","Si le référendum passe, chaque Mathusalem brûle 1 point de réserve pour chaque serviteur sous son contrôle.","Nous sommes tous frères d'oppression, et aujourd'hui les frères d'oppression sont associés aux autres tout autour du monde.
Malcolm X."
"100064","Ancient Influence","Influence antique","Pas plus d'un seul exemplaire ne peut être joué ou appelé par partie.
Si le référendum passe, chaque Mathusalem peut choisir un vampire disponible sous son contrôle ; chaque Mathusalem gagne autant de points de réserve que la capacité du vampire de son choix, puis brûle 5 points de réserve.",""
"100065","Ancilla Empowerment","Ascension des ancillas","Si le référendum passe, chaque Mathusalem brûle 1 point de réserve pour chaque serviteur sous son contrôle.",""
"100070","Animalism","Animalisme","Discipline.
Mettez cette carte sur un vampire. Ce vampire reçoit +1 niveau d'Animalisme [ani] et +1 capacité. Ne peut être mis sur un vampire avec le niveau supérieur d'Animalisme [ANI].",""
"100071","Ankara Citadel, Turkey, The","La citadelle d'Ankara, Turquie","Tant qu'elle est en jeu, cette carte d'équipement représente un lieu et ne compte pas comme équipement. Unique.
Les cartes qui ne sont pas des modificateurs d'action coûtent moitié moins de points de sang à jouer, arrondie à l'inférieur (les multiplications et divisions s'appliquent en premier, suivies par les additions et soustractions).",""
"100077","Apportation","Télétransport","[tha] Poursuivre, seulement utilisable pour continuer le combat.
[THA] Manœuvrer.","Le flingue s'envola de mes mains comme si Dieu Lui-même avait choisi d'intervenir.
Jacob Bragg, Brujah antitribu"
"100081","Arcane Library","Bibliothèque des arcanes","Lieu unique.
Vous pouvez l'incliner durant votre phase d'influence pour ajouter 1 point de sang à un Tremere dans votre région incontrôlée.",""
"100093","Army of Rats","Armée de rats","Action à +1 en discrétion.
[ani] Mettez cette carte en jeu. Durant votre phase de redressement, votre proie brûle 1 point de réserve. Vous ne pouvez brûler qu'1 seul point de réserve chaque tour avec des cartes /Armée de rats/. N'importe quel serviteur peut brûler cette carte en action (D).","Nous ne pouvions résister à leur opposition constante très longtemps. Les rats furent la goutte d'eau qui fit déborder le vase.
Ventrue antitribu, intrigue de l'hiver 2002 à Dublin"
"100095","Art Museum","Musée d'art","Lieu unique.
Vous pouvez l'incliner durant votre phase d'influence pour ajouter 1 point de sang à un Toréador dans votre région incontrôlée.",""
"100099","Art Scam","Arnaque artistique","Action à +1 en discrétion.
Gagnez 2 points de réserve.","C'est ingénieux, mais est-ce de l'art ?
Kipling, ""Le Quolibet des ateliers"""
"100108","Asylum Hunting Ground","Asile, terrain de chasse","Lieu unique. Terrain de chasse.
Durant votre phase de redressement, un vampire disponible que vous contrôlez peut gagner 1 point de sang. Un vampire ne peut gagner de points de sang que d'un seul terrain de chasse à chaque tour.",""
"100126","Backways","Voies détournées","Lieu unique.
Vous pouvez l'incliner pour donner +1 en discrétion à un Gangrel que vous contrôlez.",""
"100131","Banishment","Bannissement","Choisissez un vampire plus jeune et disponible. Si le référendum passe, le vampire choisi est déplacé vers la région incontrôlée (rompant tous les effets de contrôle temporaire) ; toutes cartes et compteurs sur le vampire choisi restent avec lui mais sont hors du jeu tant que le vampire choisi reste incontrôlé.",""
"100135","Barrens, The","La zone","Lieu unique.
Vous pouvez l'incliner pour défausser une carte (et repiocher).",""
"100146","Beast Meld","Fusion avec la bête","[ani][pro] +1 en discrétion. Si ce vampire est bloqué, il peut prévenir 1 point de dégâts durant le combat résultant.
[ANI][PRO] Seulement utilisable lors de l'annonce d'une action qui n'est pas une morsure. Les vampires ne peuvent pas bloquer cette action.",""
"100157","Bewitching Oration","Discours ensorcelant","Seulement utilisable durant l'étape de vote d'une action politique.
[pre] Ce vampire reçoit +2 voix.
[PRE] Ce vampire reçoit +4 voix.","Trop s'est le temps vers moy changié,
Et pour plus en ce dueil manoir
Jamais ne vestiray que noir
Christine de Pisan, ""Jamais ne vestiray que noir"""
"100169","Black Metamorphosis","Sombre métamorphose","Action à +1 en discrétion.
[obt] Mettez cette carte sur ce vampire. Ce vampire reçoit 1 frappe additionnelle optionnelle (limité) durant chaque round. Un vampire ne peut en avoir qu'un seul exemplaire.
[OBT] Comme ci-dessus et ce vampire reçoit 1 poursuite optionnelle durant chaque combat.",""
"100177","Blanket of Night","Couvert de la nuit","[obt] +1 en discrétion.
[OBT] Seulement utilisable par un vampire disponible autre que le serviteur qui agit si un serviteur tente de bloquer. Inclinez le vampire qui joue cette carte pour faire échouer cette tentative ; le serviteur qui bloque ne peut pas tenter de bloquer cette action à nouveau.",""
"100199","Blood Doll","Poupée de sang","Mettez cette carte sur un vampire que vous contrôlez. Durant sa phase de maître, le contrôleur de ce vampire peut déplacer 1 point de sang de ce vampire vers sa réserve ou de sa réserve vers ce vampire.",""
"100236","Bonding","Sociabilisation","Seulement utilisable durant une action de morsure.
[dom] +1 en morsure (limité).
[DOM] +1 en discrétion et +1 en morsure (limité).","Dans chaque voix, dans chaque interdiction,
Les menottes par l'esprit forgées j'entends.
William Blake, ""Londres"""
"100243","Bowl of Convergence","Coupe de convergence","Unique.
Son possesseur avec Auspex [aus] reçoit +1 en interception. Son possesseur avec le niveau supérieur d'Auspex [AUS] peut brûler 1 point de sang durant une action pour recevoir +1 en interception supplémentaire.",""
"100250","Breath of the Dragon","Souffle du dragon","[vic] Frapper à toute portée : 1 point de dégâts aggravés. Si cette frappe est utilisée au contact, ce vampire subit également ces dégâts.
[VIC] Comme ci-dessus, mais pour 2 points de dégâts aggravés à toute portée.","J'apporte les flammes et la mort à mes ennemis.
Dragos, Tzimisce"
"100286","Camarilla Vitae Slave","Esclave de sang de la Camarilla","Compagnon avec 1 point de vie.
Ce vampire reçoit +1 capacité. Durant sa phase de maître, il peut choisir une Discipline qu'il a au niveau inférieur et recevoir +1 niveau de la Discipline choisie jusqu'à sa prochaine phase de maître.",""
"100298","Carlton Van Wyk","","Mortel unique avec 2 points de vie. 0 en force, 0 en morsure.
Carlton peut frapper à toute portée : 1 point de dégâts. Une fois par combat, il peut frapper : esquiver. Carlton reçoit +1 en interception contre les vampires. Durant votre phase de défausse, vous pouvez brûler Carlton pour brûler un vampire qui a commis une diablerie depuis votre dernier tour.",""
"100301","Carrion Crows","Corneilles noires","Seulement utilisable avant l'étape de manœuvre. Un vampire ne peut en jouer qu'un seul exemplaire par combat.
[ani] Le serviteur opposé subit 1 point de dégâts environnementaux à toute portée chaque round de ce combat durant la résolution des frappes normales.
[ANI] Comme ci-dessus, mais pour 2 points de dégâts environnementaux à toute portée.",""
"100308","Cats' Guidance","Conseil des chats","[ani] Seulement utilisable par un vampire incliné qui a bloqué, après la résolution du blocage. Redressez ce vampire.
[ANI] +1 en interception.","Amis de la science et de la volupté
Ils cherchent le silence et l'horreur des ténèbres ;
L'Érèbe les eût pris pour ses coursiers funèbres,
S'ils pouvaient au servage incliner leur fierté.
Charles Baudelaire, ""Les Chats"""
"100323","Change of Target","Changement de cible","Seulement utilisable si ce serviteur est bloqué, avant la résolution du blocage.
Redressez ce serviteur et l'action se termine (sans succès). Ce serviteur ne peut pas effectuer la même action à nouveau ce tour-ci.",""
"100324","Changeling","Changelin","[vic] Seulement utilisable durant une action de morsure. +1 en morsure (limité).
[VIC] +1 en discrétion.",""
"100327","Channel 10","Canal 10","Lieu unique.
Vous pouvez l'incliner pour donner +2 en interception à un serviteur que vous contrôlez. Non utilisable durant la première action d'une phase de serviteur.","Ils sont plus qu'heureux d'avoir une vraie histoire à passer en direct, même d'une source inconnue. C'est gagnant-gagnant.
Cock Robin, Justicar Nosferatu"
"100329","Chantry","Fondation","Lieu unique.
Vous pouvez incliner cette carte et brûler 1 point de réserve ou 1 point de sang d'un Tremere disponible que vous contrôlez durant votre phase de maître pour déplacer un Tremere de torpeur vers la région disponible de son contrôleur.","Dans les livres qui sont comme des autels devant lesquels on s'agenouille,
Pour consacrer la lueur vacillante et non la flamme.
Edwin Arlington Robinson, ""George Crabbe"""
"100335","Charnas the Imp","Charnas le diablotin","Démon unique avec 1 point de vie.
Mettez Charnas sur n'importe quel serviteur (ceci est une action (D) à +1 en discrétion si le serviteur ciblé est contrôlé par un autre Mathusalem). Charnas inflige 1 point de dégâts à son employeur durant sa phase de redressement. Charnas est immunisé aux dégâts de son employeur. Si son employeur est sur le point d'être brûlé, son contrôleur peut mettre Charnas sur n'importe quel autre serviteur.",""
"100344","Chiropteran Marauder","Maraudeur chiroptère","[vic] Manœuvrer.
[VIC] Brûler 1 point de sang pour aggraver les dégâts des frappes à mains nues de ce vampire ce round-ci.",""
"100362","Cloak the Gathering","Masquer l'assemblée","[obf] +1 en discrétion.
[OBF] Seulement utilisable par un vampire disponible autre que le serviteur qui agit. Le serviteur qui agit reçoit +1 en discrétion.","Qui sous un noir manteau couvre sa pâle tête...
Lord Tennyson, ""In Memoriam"""
"100378","Coma","","[dem] Frapper : envoyer le vampire opposé en torpeur.
[DEM] Comme ci-dessus et le vampire opposé ne se redresse pas normalement durant sa prochaine phase de redressement.","On s'endort et tout meurt. Mais un affreux réveil
Doit succéder peut-être aux douceurs du sommeil.
William Shakespeare, ""Hamlet"", acte III, scène 1"
"100390","Computer Hacking","Piratage informatique","(D) Mordre à +1 en morsure.","Regarde m3c, ces pirates ""D3mons33d 3lit3"" sont nazes. Ils savent pas écrire...
Synner-G, pirate Gangrel antitribu urbain"
"100401","Conditioning","Conditionnement","Seulement utilisable durant une action de morsure.
[dom] +2 en morsure (limité).
[DOM] +3 en morsure (limité).",""
"100405","Confusion","","Seulement utilisable durant une action de morsure.
[dem] +1 en morsure (limité).
[DEM] +1 en discrétion et +1 en morsure (limité).","La confusion est un mot inventé pour expliquer un ordre que l'on ne comprend pas.
Henry Miller"
"100410","Consanguineous Boon","Faveur consanguine","Faveur.
Choisissez un clan. Si le référendum passe, chaque Mathusalem gagne 1 point de réserve pour chaque vampire du clan choisi sous son contrôle.","Même en jouant avec ton frère, aie un témoin.
Hésiode, ""Les Travaux et les Jours"""
"100435","Coven, The","La cabale","Unique. Triviale.
Mettez cette carte en jeu. Vous pouvez l'incliner pour ajouter 2 points de sang à un vampire disponible que vous contrôlez. Durant votre phase de défausse, votre prédateur prend le contrôle de cette carte.",""
"102213","Creeping Sabotage","Sabotage insidieux","Action à +1 en discrétion.
X est le nombre d'exemplaires de cette carte que vous contrôlez. Mettez cette carte en jeu. Durant votre phase de redressement, votre proie brûle 1 point de réserve. N'importe quel serviteur peut brûler cette carte en action (D).",""
"100444","Creepshow Casino","Casino des horreurs","Lieu unique.
Vous pouvez l'incliner lorsqu'un vampire que vous contrôlez annonce une action non dirigée pour donner +1 en discrétion à ce vampire, même si de la discrétion n'est pas encore nécessaire.",""
"100450","Crocodile's Tongue","Langue du crocodile","Seulement utilisable si un allié ou un vampire plus jeune tente de bloquer.
[aus] Cette tentative échoue et le contrôleur du serviteur qui bloque ne peut pas tenter de bloquer cette action à nouveau. Le serviteur qui bloque peut brûler 1 point de sang ou de vie pour annuler cette carte lorsqu'elle est jouée.
[AUS] Comme ci-dessus, mais annuler cette carte requiert 1 point de sang ou de vie supplémentaire.",""
"100492","Daring the Dawn","Braver l'aube","[for] Les vampires ne peuvent pas bloquer cette action. Ce vampire subit 2 points de dégâts aggravés environnementaux qui ne peuvent être prévenus après résolution de l'action.
[FOR] Comme ci-dessus, mais ce vampire subit 1 point de dégâts aggravés environnementaux qui ne peuvent être prévenus.",""
"100515","Deep Song","Chant profond","[ani] (D) Mordre à +1 en morsure.
[ANI] Frénésie. (D) Incliner et entrer en combat contre un vampire. Le vampire ciblé est considéré comme étant le serviteur qui agit durant ce combat.",""
"100518","Deflection","Déflexion","Seulement utilisable si un serviteur est en train de vous mordre, après avoir renoncé à bloquer.
[dom] Inclinez ce vampire qui réagit. Redirigez la morsure vers un autre Mathusalem autre que le contrôleur du serviteur qui agit (ce Mathusalem peut tenter de bloquer).
[DOM] Comme ci-dessus, mais n'inclinez pas ce vampire.",""
"100519","Delaying Tactics","Manœuvres dilatoires","Seulement utilisable durant l'étape de vote d'une action politique.
Annulez le référendum. Redressez le vampire qui agit. Si une carte d'action politique a été jouée pour appeler ce référendum, renvoyez-la dans la main de son propriétaire (ajuster la main). Les serviteurs contrôlés par le Mathusalem qui agit ne peuvent pas effectuer la même action politique à nouveau ce tour-ci.",""
"100541","Día de los Muertos","","Pas plus d'un seul exemplaire ne peut être joué par partie.
Le premier référendum qu'un vampire du Sabbat que vous contrôlez appelle durant ce tour passe automatiquement (sautez l'étape de vote).","Nous jouons à des jeux très dangereux avec la vie et personne ne connaît nos règles.
Parke Godwin"
"100573","Dominate Kine","Dominer le bétail","[dom] Action à +1 en discrétion. (D) Mordre à +1 en morsure.
[DOM] (D) Voler un lieu contrôlé par un autre Mathusalem.","Je n'ai jamais voulu d'un zoo comme terrain de chasse, mais le soustraire à un Gangrel était une juste revanche.
Ventrue, intrigue d'Adélaïde 2002"
"100581","Dragonbound","Lié par le Dragon","Géhenne. À ne pas remplacer tant que cette carte est en jeu.
Durant la phase de défausse de chaque Mathusalem, ce Mathusalem brûle 1 point de réserve pour chaque vampire en torpeur sous son contrôle.","Est-ce comme ça que cela se termine ? Finalement, je vais peut-être rester.
Ramona, Gangrel"
"100588","Dreams of the Sphinx","Rêves du sphinx","Unique.
Mettez cette carte en jeu. Vous pouvez l'incliner et lui ajouter 1 compteur pour, au choix : recevoir +2 en taille de main jusqu'à la fin du tour ; ou gagner 1 point de réserve durant votre phase de redressement si vous avez l'Avantage ; ou ajouter 1 point de sang à un vampire dans votre région incontrôlée. Brûlez cette carte si elle a 3 compteurs.",""
"100598","Eagle's Sight","Vision d'aigle","[aus] +1 en interception.
[AUS] Ce vampire tente de bloquer l'action en cours, en ignorant les restrictions normales liées à la proie, au prédateur ou à la cible qui s'appliquent au blocage.",""
"100600","Earth Control","Maîtrise de la terre","[pro] +1 en discrétion.
[PRO] +2 en discrétion.","Ce qui est issu de la terre rentre dans la terre.
Marc-Aurèle, ""Pensées"""
"100601","Earth Meld","Fusion avec la terre","[pro] Frapper : fin de combat.
[PRO] Comme ci-dessus et redresser ce vampire avant la fin du combat.","À travers l'épaisseur de la terre et du roc,
À travers les amas confus de votre cendre.
Charles Baudelaire, ""L'Imprévu"""
"100609","Ecoterrorists","Écoterroristes","Lieu unique.
Vous pouvez l'incliner durant votre phase d'influence pour ajouter 1 point de sang à un Gangrel dans votre région incontrôlée.","... de nos jours, vous pouvez assassiner la terre par profit personnel. Vous pouvez laisser le cadavre à la vue de tous et personne n'appelle les flics.
Paul Brooks, ""À la recherche de la nature sauvage"""
"100617","Elder Impersonation","Usurpation de l'Ancien","[obf] +1 en discrétion.
[OBF] Seulement utilisable si un serviteur tente de bloquer. Cette tentative échoue et le serviteur qui bloque ne peut pas tenter de bloquer cette action à nouveau.",""
"100620","Elder Library","Bibliothèque antique","Lieu unique.
+1 en taille de main.","Ma bibliothèque est un duché assez vaste.
William Shakespeare, ""La Tempête"", acte I, scène 2"
"100632","Elysium: The Palace of Versailles","Élysée : le château de Versailles","Lieu unique.
Vous pouvez l'incliner durant l'étape de vote d'une action politique pour donner +1 voix à chaque vampire de la Camarilla titré disponible que vous contrôlez.",""
"100633","Embrace, The","L'étreinte","Action à +1 en discrétion. Requiert un vampire non stérile.
Mettez cette carte en jeu. Elle devient un vampire (non unique) de capacité 1 des mêmes clan et secte que le vampire qui agit et doit chasser ce tour-ci.",""
"100640","Enchant Kindred","Enchanter la descendance","[pre] (D) Mordre à +1 en morsure.
[PRE] Action à +1 en discrétion. Ajouter 2 points de sang à un vampire plus jeune dans votre région incontrôlée.","Je vis des rois pâles, et des princes pâles,
Des guerriers pâles, tous pâles comme la mort ;
— Ils me criaient : ""La Belle Dame sans merci
T'a pris dans ses rets.""
John Keats, ""La Belle Dame Sans Merci"""
"100644","Enhanced Senses","Sens surdéveloppés","[aus] +1 en interception.
[AUS] +2 en interception.","Les choses ne donnent à nos sens que ce qu'elles rejettent. Nous les connaissons par leurs rebuts. La fleur abandonne son odeur.
Paul Valéry"
"100645","Enkil Cog","Pion d'Enkil","Unique. Requiert un vampire de capacité 10 ou plus. Seulement utilisable après résolution d'une morsure réussie contre votre proie.
Mettez cette carte sur ce vampire. Ce vampire reçoit +1 en morsure. Durant la phase de serviteur de n'importe quel Mathusalem, ce vampire peut incliner cette carte pour effectuer une action.",""
"100646","Ennoia's Theater","Théâtre d'Ennoia","Lieu unique.
Vous pouvez l'incliner pour recevoir +1 en taille de main ce tour-ci. Vous pouvez l'incliner durant votre phase d'influence pour recevoir +1 transfert.",""
"100651","Entombment","Inhumation","[obt] Frapper : brûler l'allié opposé.
[OBT] Frapper : envoyer le vampire opposé en torpeur.","— Mon âme est un tombeau que, mauvais cénobite,
Depuis l'éternité je parcours et j'habite.
Charles Baudelaire, ""Le Mauvais Moine"""
"100652","Entrancement","Envoûtement","[pre] (D) Mordre à +1 en morsure.
[PRE] (D) Action à +1 en discrétion. Voler un allié contrôlé par un autre Mathusalem.","Ton frais parfum me déconcerte.
Et dans ton opale je vois
Des cieux habités autrefois,
Comme par une porte ouverte.
Raoul Ponchon, ""L'Absinthe"""
"100680","Eyes of Argus","Yeux d'Argus","[aus] Seulement utilisable durant une action dirigée contre vous (ou une carte que vous contrôlez). +2 en interception.
[AUS] Seulement utilisable par un vampire incliné. Ce vampire se réveille (il n'a pas besoin d'être redressé pour jouer des cartes de réaction et tenter de bloquer jusqu'à la fin de l'action).",""
"100682","Eyes of Chaos","Vision du chaos","Seulement utilisable durant une action de morsure.
[dem] +1 en morsure (limité).
[DEM] +2 en morsure (limité).","Nous vivons dans un arc-en-ciel de chaos.
Paul Cézanne"
"100687","Faceless Night","Nuit sans visage","[obf] +1 en discrétion.
[OBF] Comme ci-dessus et tout serviteur qui tente de bloquer cette action et échoue est incliné avant résolution de l'action.","Tu es l'otage de l'éternité, un captif du temps.
Boris Pasternak, ""Nuit"""
"100698","Fame","Renommée","Unique.
Mettez cette carte sur un vampire disponible. Le contrôleur de ce vampire brûle 3 points de réserve après que ce vampire va en torpeur. Durant la phase de redressement de chaque Mathusalem, si ce vampire est en torpeur, ce Mathusalem brûle 1 point de réserve.",""
"100710","Fear of Mekhet","Peur de Mekhet","Mettez cette carte sur un justicar ou membre du Cercle intérieur disponible et inclinez-le. Durant la phase de redressement de ce vampire, il brûle 5 points de sang. S'il ne peut pas brûler ces points de sang, il est brûlé ; sinon, son contrôleur déplace cette carte vers un autre justicar ou membre du Cercle intérieur, ou brûle cette carte s'il n'y en a pas d'autre.",""
"100720","Femur of Toomler","Fémur de Toomler","Arme de mêlée unique.
Frapper : force+1 points de dégâts aggravés.","C'est avec cet os que nous avons détruit l'un des fondateurs Tremeres, je vous invite donc à le traiter avec un peu plus de respect.
Meshenka, Tzimisce"
"100760","Forced Awakening","Réveil forcé","Seulement utilisable par un vampire incliné.
Ce vampire se réveille (il n'a pas besoin d'être redressé pour jouer des cartes de réaction et tenter de bloquer jusqu'à la fin de l'action). S'il ne bloque pas cette action, il brûle 1 point de sang avant résolution de l'action.",""
"100761","Forced March","Marche forcée","Un vampire ne peut en jouer qu'un seul exemplaire par tour.
[cel][for] Seulement utilisable après résolution d'une action réussie. Redressez ce vampire.
[CEL][FOR] +1 en discrétion. Après résolution de l'action, si l'action a été réussie, ce vampire peut brûler 1 point de sang pour se redresser.",""
"100765","Foreshadowing Destruction","Présage de destruction","Seulement utilisable durant une action de morsure.
[dom] +1 en morsure (limité).
[DOM] +3 en morsure si le Mathusalem ciblé a 9 points de réserve ou moins (limité).",""
"100770","Form of Corruption","Forme de corruption","[ser] Mettez cette carte en jeu. Si votre proie reçoit à nouveau l'Avantage, vous pouvez ajouter 1 compteur à cette carte. Si le nombre de compteurs sur cette carte égale ou dépasse la quantité de points de sang sur un vampire contrôlé par votre proie durant votre phase de maître, vous pouvez brûler cette carte pour voler ce vampire. Un Mathusalem ne peut en avoir qu'un seul exemplaire.
[SER] Comme ci-dessus et votre proie brûle 1 point de réserve après que vous brûlez cette carte.",""
"100771","Form of Mist","Forme de brume","[pro] Frapper : esquiver.
[PRO] Frapper : fin de combat. Si ce vampire agit et que l'action a été bloquée, il peut brûler 1 point de sang après la fin du combat pour continuer l'action avec +1 en discrétion comme si elle n'avait pas été bloquée, même si de la discrétion n'est pas encore nécessaire. Un vampire ne peut en jouer qu'un seul exemplaire au niveau supérieur par action.","Et pourtant je suis et je vis — ballotté, vaporeux.
John Clare, ""Je suis"""
"100779","Foundation Exhibit","Exposition de la fondation","Lieu unique.
Chaque Toréador antitribu non titré que vous contrôlez reçoit +1 voix. N'importe quel vampire peut brûler cette carte en action (D) qui coûte 1 point de sang.","C'est une sorte de torture que de regarder ce spectacle.
Waldorf, Toreador antitribu"
"100788","Freak Drive","Pulsion monstrueuse","Seulement utilisable après résolution de l'action.
[for] Seulement utilisable si l'action a été réussie. Redressez ce vampire.
[FOR] Seulement utilisable si l'action a été bloquée. Redressez ce vampire.",""
"100794","Frontal Assault","Assaut frontal","Mettez cette carte en jeu. Chaque serviteur disponible que vous contrôlez peut entrer en combat contre un serviteur contrôlé par votre proie en action (D). Vous gagnez 1 point de réserve après qu'un serviteur disponible contrôlé par votre proie est brûlé ou envoyé en torpeur. Durant votre phase d'influence, brûlez cette carte et brûlez 1 point de réserve pour chaque serviteur disponible contrôlé par votre proie.",""
"100800","Game of Malkav","Jeu de Malkav","Chaque autre Mathusalem choisit en secret un nombre entre 1 et 5 inclus ; vous choisissez un nombre entre 1 et 6 inclus. Chaque Mathusalem tend sa main avec le nombre choisi de compteurs dedans. Révélez les choix simultanément. Chaque Mathusalem gagne la quantité de points de réserve qu'il a choisie sauf si un autre Mathusalem a choisi exactement 1 de moins que lui, auquel cas il brûle cette quantité de points de réserve à la place.",""
"100824","Giant's Blood","Sang de géant","Pas plus d'un seul exemplaire ne peut être joué par partie.
Choisissez n'importe quel vampire. Le vampire choisi gagne assez de points de sang pour atteindre sa capacité maximale.",""
"100834","Glancing Blow","Coup superficiel","À ne pas remplacer jusqu'à votre phase de redressement.
Prévenir 1 point de dégâts de la frappe du serviteur opposé.",""
"100845","Govern the Unaligned","Diriger les indécis","[dom] (D) Mordre à +2 en morsure.
[DOM] Action à +1 en discrétion. Ajouter 3 points de sang à un vampire plus jeune dans votre région incontrôlée.",""
"100855","Gregory Winter","","Goule unique avec 4 points de vie. 1 en force, 1 en morsure.
Gregory peut voler 1 point de sang (converti en vie) d'un vampire contrôlé par un autre Mathusalem en action (D) à +1 en discrétion. Il peut brûler un vampire en torpeur pour gagner 2 points de vie en action (D). Durant votre phase de redressement, Gregory brûle 1 point de vie.",""
"100863","Guard Dogs","Chiens de garde","Seulement utilisable par un vampire incliné durant une action de morsure contre vous.
[ani] Redressez ce vampire.
[ANI] Comme ci-dessus, avec 1 manœuvre optionnelle durant le combat résultant si ce vampire bloque.",""
"100866","Guardian Angel","Ange gardien","Mettez cette carte sur un vampire disponible que vous contrôlez. Ce vampire reçoit +1 en interception durant les actions de morsure contre vous. Ce vampire peut prévenir 1 point de dégâts durant chaque combat. Brûlez cette carte si ce vampire est en torpeur.",""
"100882","Hand of Conrad","Main de Conrad","Unique.
Ce vampire reçoit le niveau supérieur de Puissance [POT]. Ce vampire peut déplacer un vampire de votre tas de cendres vers votre région incontrôlée en action.",""
"100886","Harass","Harceler","(D) Entrer en combat contre un vampire qui a 3 points de sang ou moins ou avec un serviteur incliné. Le serviteur qui agit reçoit 1 poursuite optionnelle, seulement utilisable pour continuer le combat, durant ce combat.",""
"100897","Haven Uncovered","Refuge exposé","Mettez cette carte sur un vampire disponible. N'importe quel serviteur peut entrer en combat contre ce vampire en action (D) à +1 en discrétion. Ce vampire peut brûler cette carte en action (D) à +1 en discrétion.","À travers ma ruine allez donc sans remords.
Charles Baudelaire, ""Le Mort joyeux"""
"100903","Heart of Nizchetus","Cœur de Nizchetus","Unique.
Si son possesseur est disponible durant votre phase de redressement, vous pouvez piocher jusqu'à 3 cartes sans défausser et déplacer ensuite le même nombre de cartes de votre main vers le dessous de votre bibliothèque.","De temps en temps, je pense le voir battre. Ce ne sont peut-être que des ombres dansantes, mais la fortune sourit.
Radu Bistri, Tzimisce"
"100908","Heidelberg Castle, Germany","Château de Heidelberg, Allemagne","Lieu unique.
Vous pouvez l'incliner pour déplacer des points de sang, des équipements et/ou des compagnons entre deux vampires disponibles que vous contrôlez. Non utilisable durant une action.","La nuit. La pluie. Un ciel blafard que déchiquette
De flèches et de tours à jour la silhouette
D'une ville gothique éteinte au lointain gris.
Paul Verlaine, ""Effet de nuit"""
"100918","Hidden Strength","Force cachée","[for] Prévenir X+1 points de dégâts.
[FOR] Comme ci-dessus, avec 1 poursuite optionnelle.",""
"100932","Homunculus","Homoncule","Compagnon avec 1 point de vie.
[pro] Durant la phase de redressement de n'importe quel Mathusalem, ce vampire peut brûler 1 point de sang pour se redresser.
[PRO] Comme ci-dessus, mais ce compagnon a 2 points de vie.","Un tas d'os dans un sac de peau, un ballon dégonflé ; un paquet ignoble.
Ronald Chetwynd-Hayes, ""En quête de quelque chose à sucer"""
"100934","Horrid Form","Forme monstrueuse","Seulement utilisable avant l'étape de manœuvre.
[vic] Ce vampire reçoit +1 en force ce combat.
[VIC] Comme ci-dessus et ce vampire peut prévenir 1 point de dégâts durant chaque round.","D'où viens-tu, et qui es-tu, forme exécrable...
John Milton, ""Le Paradis perdu"""
"100945","Hungry Coyote, The","Le Coyote affamé","Lieu unique.
Les vampires du Sabbat que vous contrôlez reçoivent +1 en chasse.",""
"100959","Immortal Grapple","Prise immortelle","Prise. Seulement utilisable au contact avant que les frappes ne soient choisies. Un vampire ne peut en jouer qu'un seul exemplaire par round.
[pot] Les frappes qui ne sont pas des frappes à mains nues ne peuvent pas être utilisées ce round-ci (par aucun des combattants).
[POT] Comme ci-dessus, avec 1 poursuite optionnelle. Si un autre round de combat a lieu, ce round-là est au contact (sautez l'étape de manœuvre pour ce round-là).",""
"100973","Indomitability","Indomptabilité","[for] Prévenir 1 point de dégâts.
[FOR] Poursuivre, ou prévenir 1 point de dégâts avec 1 poursuite optionnelle.",""
"100984","Information Highway","Autoroute de l'information","Lieu unique.
+2 transferts.",""
"100986","Inner Essence","Essence intérieure","Seulement utilisable avant l'étape de manœuvre. Un vampire ne peut en jouer qu'un seul exemplaire par combat.
[vic] Une fois durant ce combat, ce vampire peut réduire le coût d'une carte de combat qu'il joue de 1 point de sang.
[VIC] Comme ci-dessus et ce vampire gagne 1 point de sang.",""
"100994","Instantaneous Transformation","Transformation instantanée","[cel][pro] +1 en discrétion.
[CEL][PRO] Seulement utilisable après résolution d'une action réussie. Redressez ce vampire. Un vampire ne peut en jouer qu'un seul exemplaire au niveau supérieur par tour.",""
"100995","Instinctive Reaction","Réaction instinctive","Seulement utilisable si un serviteur contrôlé par votre prédateur agit.
[ani] +1 en interception.
[ANI] Comme ci-dessus, avec 1 manœuvre optionnelle durant le combat résultant si ce vampire bloque.","Beckett avait appris depuis longtemps à faire confiance à son instinct. Développé comme il l'était, augmenté par ses capacités de mort-vivant, il le mettait en garde contre des dangers que sa vision nocturne et ses sens affûtés n'avaient pas détectés."
"100999","Intimidation","","[pre] (D) Mordre à +1 en morsure.
[PRE] (D) Mordre à +2 en morsure.","Ils sont faibles et s'effraient aisément. Montre les crocs et ils déguerpiront.
Gerard, Ventrue antitribu"
"101014","Ivory Bow","Arc d'ivoire","Arme unique.
Frapper à toute portée : 1 point de dégâts aggravés.",""
"101015","J. S. Simmons, Esq.","","Mortel unique avec 1 point de vie.
Son employeur reçoit +1 en morsure.",""
"101019","Jake Washington","","Unique.
Mettez cette carte en jeu ; elle devient un allié mortel unique avec 1 point de vie, 0 en force et 0 en morsure et ne compte pas comme une carte de maître tant qu'elle est en jeu. Durant votre phase de redressement, vous pouvez brûler Jake pour ajouter jusqu'à 4 points de sang à un vampire disponible qui n'a pas de sang.",""
"101040","Kevlar Vest","Gilet de Kevlar","Une fois par combat, son possesseur peut prévenir 2 points de dégâts des frappes d'arme à feu ou 1 point de dégâts de n'importe quelle autre source. Un serviteur ne peut en avoir qu'un seul exemplaire.",""
"101048","Khobar Towers, Al-Khubar","Tours de Khobar, al-Khubar","Lieu unique.
Vous pouvez l'incliner durant votre phase de redressement pour retirer un serviteur disponible que vous contrôlez de la partie et gagner X points de réserve, où X est sa capacité ou son coût.",""
"101055","Kindred Spirits","Esprits analogues","[dem] (D) Mordre n'importe quel Mathusalem. Gagnez 1 point de réserve si la morsure est réussie (pour 1 ou plus).
[DEM] Comme ci-dessus, avec +1 en morsure.","Comme des gouttes sœurs, ne faisant plus qu'une.
William Cowper, ""L'Horloge"""
"101056","Kine Resources Contested","Conflit sur le bétail","Allouez 4 points entre deux Mathusalems ou plus. Si le référendum passe, chaque Mathusalem brûle 1 point de réserve pour chaque point alloué.",""
"101067","KRCG News Radio","Radio d'informations KRCG","Lieu unique.
Vous pouvez l'incliner pour donner +1 en interception à un serviteur que vous contrôlez. Vous pouvez l'incliner et brûler 1 point de réserve pour donner +1 en interception à un serviteur contrôlé par un autre Mathusalem.",""
"101070","Labyrinth, The","Le labyrinthe","Lieu unique.
Vous pouvez l'incliner pour donner +1 en discrétion à un Nosferatu que vous contrôlez.","Mais de manière confuse, j'aspire horriblement
À rencontrer une chose maigre, naine, fétide et poilue
Avec une peau répugnante et des yeux chassieux...
Francis Saltus, ""La Passade d'une courtisane"""
"101073","Laptop Computer","Ordinateur portable","Électronique.
Son possesseur reçoit +1 en morsure. Un serviteur ne peut en avoir qu'un seul exemplaire.",""
"101089","Legal Manipulations","Manipulations légales","[pre] (D) Mordre à +2 en morsure.
[PRE] Comme ci-dessus et gagnez 1 point de réserve si la morsure est réussie (pour 1 ou plus).","Crois-moi... s'il y a bien quelque chose que je ne supporte pas, c'est la duplicité.
Christopher Hampton, ""Les Liaisons dangereuses"", acte I, scène 5"
"101091","Legendary Vampire","Vampire légendaire","Unique.
Mettez cette carte sur un vampire de capacité 7 ou plus qui est entré dans votre région disponible durant votre dernière phase d'influence. Ce vampire reçoit +2 en morsure et +2 voix. N'importe quel vampire peut appeler un référendum pour brûler cette carte en action politique à +1 en discrétion.",""
"101102","Library Hunting Ground","Bibliothèque, terrain de chasse","Lieu unique. Terrain de chasse.
Durant votre phase de redressement, un vampire disponible que vous contrôlez peut gagner 1 point de sang. Un vampire ne peut gagner de points de sang que d'un seul terrain de chasse à chaque tour.",""
"101103","Life Boon","Faveur à vie","Hors-tour. Faveur.
Donnez des points de réserve à un Mathusalem qui n'a plus de points de réserve pour le garder en jeu et mettre cette carte en jeu. Durant chacune de ses phases de redressement, vous pouvez voler 1 point de réserve de ce Mathusalem. Vous gagnez tout point de victoire que ce Mathusalem devrait gagner à sa place, jusqu'à ce que vous soyez éliminé ou jusqu'à ce que vous ayez gagné 1 point de victoire grâce à cette carte. Brûlez cette carte après que vous avez gagné 1 point de victoire grâce à cette carte.",""
"101104","Life in the City","Vivre en ville","Triviale.
Ajoutez 1 point de sang à un vampire disponible.","Je ne touche pas aux clients qui pourraient leur manquer, mais les solitaires font des proies idéales. Les trafiquants pensent que je pratique l'esclavage en dilettante.
Ingrid Galt, Anarch"
"101114","Living Manse","Manoir vivant","Tant qu'elle est en jeu, cette carte d'équipement représente un lieu et ne compte pas comme équipement.
Ce vampire reçoit +1 en morsure. Il peut brûler cette carte avant l'étape de manœuvre pour arrêter le combat. Un vampire ne peut en avoir qu'un seul exemplaire.",""
"101125","Lost in Crowds","Perdu dans la foule","[obf] +1 en discrétion. /Volatilisé/ et Perdu dans la foule ne peuvent être joués durant la même action.
[OBF] Comme ci-dessus, mais pour +2 en discrétion.","... parce qu'elle croit qu'un être terrible
Lui ferme la route par-derrière.
Samuel Taylor Coleridge, ""La Complainte du vieux marin"""
"101143","Magic of the Smith","Magie du forgeron","Action à +1 en discrétion.
[tha] Cherchez une carte d'équipement dans votre bibliothèque et équipez-en ce vampire (les prérequis et coûts s'appliquent normalement ; mélanger ensuite).
[THA] Comme ci-dessus, mais ceci est une action à +3 en discrétion.",""
"101144","Majesty","Majesté","[pre] Frapper : fin de combat.
[PRE] Comme ci-dessus et redresser ce vampire avant la fin du combat.","Je te donnerai tout cela, si tu te prosternes pour m'adorer.
(Mt. 4, 9)"
"101216","Mind Tricks","Arnaques mentales","[dem] +1 en discrétion.
[DEM] Comme ci-dessus, avec 1 manœuvre ou poursuite optionnelle durant le combat résultant si ce vampire est bloqué.","Ta puissance, ô pensée, et ton art, ô génie !
Lord Byron, ""Le Corsaire"""
"101223","Mirror Walk","Traversée du miroir","À ne pas remplacer jusqu'à votre phase de défausse.
[tha] +1 en discrétion.
[THA] Comme ci-dessus et si cette action est bloquée, inclinez le serviteur qui bloque et terminez l'action avant la résolution du blocage.","Un instant plus tard, Alice avait traversé le verre et avait sauté légèrement dans la pièce du Miroir.
Lewis Carroll, ""De l'autre côté du miroir"""
"101225","Misdirection","Distraction","Inclinez n'importe quel serviteur.",""
"101235","Molotov Cocktail","Cocktail Molotov","Frapper à toute portée : mettre cette carte sur ce serviteur ; elle devient un équipement arme qui peut frapper à toute portée : 2 points de dégâts aggravés, non utilisable le round où elle est jouée. Brûlez-la après usage ou à la fin du combat.","La chair est cendre, l'âme est flamme.
Victor Hugo, ""L'Homme qui rit"""
"101238","Monastery of Shadows","Monastère des ombres","Lieu unique.
+1 en taille de main. Vous pouvez l'incliner pour donner +1 en discrétion à un vampire de capacité 8 ou plus.",""
"101254","Murder of Crows","Nuée de corbeaux","Animal avec 1 point de vie.
[ani] Ce compagnon inflige 1 point de dégâts à toute portée au serviteur opposé durant chaque round de combat durant la résolution des frappes normales.
[ANI] Comme ci-dessus, mais ce compagnon a 2 points de vie.","Armée étrange aux cris sévères, [...]
Dispersez-vous, ralliez-vous !
Arthur Rimbaud, ""Les Corbeaux"""
"101256","Murmur of the False Will","Murmure de la fausse volonté","[dom] [ACTION MODIFIER] Seulement utilisable durant une action de morsure. +1 en morsure (limité).
[DOM] [REACTION] Seulement utilisable si un vampire plus jeune est en train de vous mordre, après avoir renoncé à bloquer. Inclinez ce vampire qui réagit. Redirigez la morsure vers un autre Mathusalem autre que le contrôleur du vampire qui agit (ce Mathusalem peut tenter de bloquer).",""
"101261","Mylan Horseed","","Changelin unique avec 1 point de vie. 0 en force, 1 en morsure.
Une fois par combat, Mylan peut frapper : esquiver. Il peut redresser un vampire disponible de capacité 8 ou plus qui n'est pas de la Camarilla en action à +1 en discrétion. Mylan ne peut pas bloquer les vampires.",""
"101271","Neonate Breach","Indiscrétions des nouveaux-nés","Choisissez un Mathusalem ou plus. Si le référendum passe, chaque Mathusalem choisi brûle 1 point de réserve, plus 3 points de réserve supplémentaires s'il contrôle un vampire disponible de capacité 4 ou moins.",""
"101272","Nephandus","","Mage avec 2 points de vie. 0 en force, 1 en morsure.
Le Nephandus peut frapper à toute portée : 1 point de dégâts. Le Nephandus reçoit 1 poursuite optionnelle durant chaque combat. Le Nephandus peut brûler un vampire en torpeur pour gagner 1 point de vie en action (D). Chaque frappe ou effet de dégâts fait par le serviteur opposé en combat au Nephandus lui inflige 1 point de dégâts de moins.",""
"101292","No Trace","Sans laisser de traces","[obf] Seulement utilisable à distance. Frapper : fin de combat.
[OBF] Frapper : fin de combat.",""
"101309","Obedience","Obéissance","Seulement utilisable si ce vampire est sur le point d'entrer en combat contre un vampire plus jeune qui agit.
[dom] Redressez le vampire qui agit et terminez l'action. (N'inclinez pas ce vampire s'il est en train de bloquer.) Le vampire qui agit ne peut pas effectuer la même action ce tour-ci.
[DOM] Comme ci-dessus, mais ne redressez pas le vampire qui agit.",""
"101321","On the Qui Vive","Sur le qui-vive","Seulement utilisable par un serviteur incliné. Un serviteur ne peut en jouer qu'un seul exemplaire entre chacune de ses phases de redressement.
Ce serviteur se réveille (il n'a pas besoin d'être redressé pour jouer des cartes de réaction et tenter de bloquer jusqu'à la fin de l'action). Si ce serviteur est un allié, il ne se redresse pas normalement durant sa prochaine phase de redressement.",""
"101334","Oubliette","Oubliettes","[obt] Frapper : fin de combat.
[OBT] Comme ci-dessus et le serviteur opposé brûle 1 point de sang ou de vie après la fin du combat (même à distance).",""
"101346","Palla Grande","","Unique.
Mettez cette carte en jeu avec 3 compteurs. Les Toréadors antitribu reçoivent +1 en morsure. Durant votre phase de défausse, brûlez 1 compteur de cette carte. Brûlez cette carte si elle n'a plus de compteurs.",""
"101350","Papillon","","Lieu unique. Terrain de chasse. Requiert un vampire disponible avec le titre d'une ville.
Durant votre phase de redressement, un vampire titré disponible que vous contrôlez peut gagner 2 points de sang. Un vampire ne peut gagner de points de sang que d'un seul terrain de chasse à chaque tour.",""
"101353","Parity Shift","Changement de parité","Requiert un prince ou justicar.
Choisissez un Mathusalem qui a plus de points de réserve que vous et allouez 3 points de sa réserve entre 1 et plus parmi les autres Mathusalems (vous compris). Si le référendum passe, le Mathusalem choisi perd ces points de réserve et ceux-ci sont alloués comme choisi.",""
"101384","Pentex(TM) Subversion","Subversion de la Pentex(TM)","Unique.
Mettez cette carte sur un serviteur disponible. Ce serviteur ne peut pas bloquer. N'importe quel autre serviteur peut brûler cette carte en action (D).",""
"101387","Perfect Paragon","Parangon de perfection","[pre] Seulement utilisable durant l'étape de vote d'une action politique. Ce vampire reçoit +3 voix.
[PRE] Les alliés et les vampires plus jeunes reçoivent -1 en interception.",""
"101388","Perfectionist","Perfectionniste","Archétype.
Mettez cette carte sur un vampire que vous contrôlez. Une fois par tour, ce vampire peut gagner 1 point de sang après avoir effectué une action réussie durant laquelle aucune carte de réaction n'a été jouée. Un vampire ne peut avoir qu'un seul archétype.","La perfection est la loi du ciel ; y aspirer, la loi de l'homme.
Johann Wolfgang von Goethe"
"101390","Permanent Vacation","Vacances permanentes","Choisissez un allié disponible. Si le référendum passe, l'allié choisi est retiré de la partie.","En un mot, il disparut et on ne le revit jamais.
C. M. Wieland, ""Musarion"""
"101415","Political Hunting Ground","Sphère politique, terrain de chasse","Lieu unique. Terrain de chasse.
Durant votre phase de redressement, un vampire disponible que vous contrôlez peut gagner 1 point de sang. Un vampire ne peut gagner de points de sang que d'un seul terrain de chasse à chaque tour.",""
"101417","Political Stranglehold","Mainmise politique","Pas plus d'un seul exemplaire ne peut être joué ou appelé par partie.
Si le référendum passe, chaque Mathusalem gagne 3 points de réserve pour chaque vampire sous son contrôle de capacité 8 ou plus.",""
"101430","Power Structure","Structure de pouvoir","Unique.
Mettez cette carte en jeu. Vous pouvez l'incliner durant l'étape de vote d'une action politique pour donner +1 voix à chaque Lasombra que vous contrôlez.","Toutes les structures politiques sont basées sur le pouvoir.
Max Weber, ""Économie et société"""
"101437","Powerbase: Madrid","Siège du pouvoir : Madrid","Lieu unique.
Si cette carte a 3 compteurs ou moins durant votre phase de redressement, vous pouvez lui ajouter 1 compteur. Vous pouvez l'incliner durant l'étape de vote de n'importe quel référendum pour donner +1 voix pour chaque compteur sur cette carte à un vampire du Sabbat titré. N'importe quel vampire contrôlé par un autre Mathusalem peut brûler tous les compteurs de cette carte en action (D).",""
"101439","Powerbase: Montreal","Siège du pouvoir : Montréal","Lieu unique.
Durant votre phase d'influence, vous pouvez ajouter 1 point de sang à un vampire dans votre région incontrôlée. N'importe quel vampire peut voler ce lieu en action (D).",""
"101475","Precognition","Précognition","[aus] +1 en interception.
[AUS] Comme ci-dessus et ce vampire peut prévenir 1 point de dégâts durant le premier round du combat résultant s'il bloque.","""Une mémoire qui n'opère que dans le passé n'a rien de bien fameux"", déclara la Reine.
Lewis Carroll, ""De l'autre côté du miroir"""
"101483","Preternatural Strength","Force surnaturelle","Action à +2 en discrétion.
[pot] Mettez cette carte sur ce vampire. Ce vampire reçoit +1 en force. Il ne peut pas jouer /Panneau arraché/. Un vampire ne peut en avoir qu'un seul exemplaire.
[POT] Comme ci-dessus, mais ce vampire reçoit +2 en force.",""
"102214","Protected District","District protégé","Requiert un primogène. Seulement utilisable durant une action de morsure contre vous ou durant l'étape de vote d'une action politique.
Réduisez la valeur de morsure de 3 ou ce vampire gagne +3 voix contre le référendum.",""
"101536","Rack, The","Le râtelier","Lieu unique.
Lorsque cette carte est jouée ou quand son contrôleur change, son contrôleur choisit un vampire disponible sous son contrôle. Durant la phase de redressement du contrôleur de cette carte, le vampire choisi peut gagner 2 points de sang. Un vampire contrôlé par un autre Mathusalem peut voler ce lieu en action (D).",""
"101542","Rapid Change","Changement rapide","[pro] [ACTION MODIFIER] +1 en discrétion.
[PRO] [COMBAT] Frapper : fin de combat.","Notre nature est dans le mouvement, le repos entier est la mort.
Blaise Pascal, ""Pensées"""
"101550","Raven Spy","Corbeau espion","Animal avec 1 point de vie.
[ani] Son employeur reçoit +1 en interception.
[ANI] Comme ci-dessus, mais le Corbeau espion a 2 points de vie.",""
"101559","Read the Winds","Lire les vents","À ne remplacer qu'après cette action.
[ani][aus] +1 en interception. Ce vampire ne s'incline pas pour ce blocage.
[ANI][AUS] Seulement utilisable par un vampire incliné. Ce vampire se redresse et tente de bloquer avec +1 en interception, même si de l'interception n'est pas encore nécessaire.","Assez de surprises. La nuit a des milliers d'yeux, et j'ai vécu des milliers de nuits.
Stravinsky, Archevêque Tzimisce de Mexico"
"101564","Rebel","Rebelle","Archétype. Triviale.
Mettez cette carte sur un vampire que vous contrôlez. Une fois par tour, s'il bloque un vampire titré ou une action politique, ce vampire gagne 1 point de sang avant la résolution du blocage. Un vampire ne peut avoir qu'un seul archétype.","Elle sait que je combats les Camabrutis depuis longtemps et que je gère.
Jack Drake, Anarch Brujah"
"101588","Rego Motum","","Un vampire ne peut en jouer qu'un seul exemplaire par round.
[tha] Prévenir 2 points de dégâts de la frappe du serviteur opposé.
[THA] Prévenir 4 points de dégâts de la frappe du serviteur opposé.",""
"101591","Reins of Power","Rênes du pouvoir","Pas plus d'un seul exemplaire ne peut être joué ou appelé par partie.
Si le référendum passe, chaque Mathusalem peut choisir un vampire disponible sous son contrôle. Chaque Mathusalem gagne 6 points de réserve, puis brûle autant de points de réserve que la capacité du vampire choisi par son prédateur.",""
"101610","Resist Earth's Grasp","Défier la gravité","[cel] [COMBAT] Poursuivre, ou manœuvrer avec 1 poursuite optionnelle.
[CEL] [ACTION MODIFIER] +1 en discrétion.",""
"101627","Revelations","Révélations","Action à +1 en discrétion.
[aus] (D) Regardez la main de votre proie et défaussez-en une carte de votre choix.
[AUS] Mettez cette carte en jeu. Votre proie joue avec sa main révélée. N'importe quel serviteur peut brûler cette carte en action (D).",""
"101649","Rolling with the Punches","Encaisser les coups","[for] Prévenir 1 point de dégâts.
[FOR] Brûler 1 point de sang pour prévenir tous les dégâts des frappes du serviteur opposé ce round-ci.",""
"102215","Roundhouse","Crochet","[pot] Frapper : frappe à mains nues à +2 points de dégâts.
[POT] Frapper : frappe à mains nues à +3 points de dégâts.","Il suffit d'entasser suffisamment d'Anarchs dans une pièce pour qu'ils se croient capables de tomber n'importe qui.
Tyrus, Archonte Gangrel"
"101664","Rutor's Hand","Main de Rutor","Action à +1 en discrétion.
[tha] Mettez cette carte sur ce vampire et ce vampire subit 1 point de dégâts aggravés environnementaux qui ne peuvent être prévenus. À partir de votre prochain tour, ce vampire peut se redresser durant votre phase de serviteur. Un vampire ne peut en avoir qu'un seul exemplaire.
[THA] Comme ci-dessus et ce vampire peut brûler 3 points de sang pour être immunisé à ces dégâts aggravés.",""
"101681","Sargon Fragment, The","Le fragment de Sargon","Unique.
Ce vampire reçoit le niveau supérieur de Nécromancie [NEC]. Ce vampire peut déplacer une carte de bibliothèque de votre tas de cendres vers votre main en action qui coûte 1 point de sang (ajuster la main).",""
"101686","Scalpel Tongue","Langue acérée","Seulement utilisable durant l'étape de vote d'une action politique.
[cel][pre] Choisissez un vampire qui a exprimé des voix ou bulletins durant ce référendum. Le vampire choisi est incliné et s'abstient (ceci annule les voix et bulletins du vampire choisi).
[CEL][PRE] Comme ci-dessus et le vampire choisi brûle 1 point de sang.",""
"101692","Scorn of Adonis","Mépris d'Adonis","Seulement utilisable durant l'étape de vote d'une action politique.
Tout Mathusalem exprimant (ou ayant un vampire exprimant) des voix ou bulletins contre le référendum brûle 1 point de réserve après dépouillement.",""
"101706","Second Tradition: Domain","Deuxième Tradition : le Domaine","Requiert un prince ou justicar.
+2 en interception. Utilisable également par un prince ou justicar incliné, même si de l'interception n'est pas encore nécessaire, pour brûler 1 point de sang pour se redresser et tenter de bloquer avec +2 en interception.","Nul ne peut mettre en doute ta parole en ton domaine."
"101712","Seduction","Séduction","Seulement utilisable lors de l'annonce de l'action.
[dom] Choisissez un vampire plus jeune. Le vampire choisi ne peut pas bloquer cette action.
[DOM] Comme ci-dessus, mais choisissez n'importe quel vampire.","Se relâcher est le secret ; s'abandonner à moi est le plus grand plaisir de tous...
Robbi Sommers, ""Lilit"""
"101735","Shadow Body","Corps d'ombre","[obt] Frapper : fin de combat.
[OBT] Comme ci-dessus et si ce vampire a été bloqué en effectuant une action ni politique ni de morsure, l'action continue comme si elle n'avait pas été bloquée.","L'ombre troublante de quelque invisible puissance
flotte, bien qu'invisible, parmi nous
Percy Bysshe Shelley, ""Hymne à la beauté intellectuelle"""
"101743","Shadow Play","Jeu d'ombres","[obt] +1 en discrétion.
[OBT] +2 en discrétion.","Tu fermeras l'œil, pour ne point voir, par la glace,
Grimacer les ombres des soirs
Arthur Rimbaud, ""Rêvé pour l'hiver"""
"101774","Shroud of Absence","Linceul d'absence","[dom][obt] +1 en discrétion.
[DOM][OBT] Comme ci-dessus et ce vampire peut frapper : fin de combat durant le premier round du combat résultant s'il est bloqué.","Oh ! Je ne m'étais pas aperçu que tu étais entré, Marconius. Tu surprends la ville dans son sommeil, contre sa nature.
Andrea Giovanni"
"101775","Shroud of Night","Voile de nuit","[obt] +1 en discrétion, non utilisable durant une action de morsure.
[OBT] +1 en discrétion.","Les dragons de la nuit étendent leurs ailes sur la terre.
William Shakespeare, ""Troïlus et Cressida"""
"101781","Signet of King Saul, The","Le sceau du roi Saül","Unique.
Les vampires de capacité 8 ou plus ne peuvent pas bloquer son possesseur.",""
"101808","Slum Hunting Ground","Bidonville, terrain de chasse","Lieu unique. Terrain de chasse.
Durant votre phase de redressement, un vampire disponible que vous contrôlez peut gagner 1 point de sang. Un vampire ne peut gagner de points de sang que d'un seul terrain de chasse à chaque tour.",""
"101811","Smiling Jack, The Anarch","Smiling Jack, l'Anarch","Unique.
Mettez cette carte en jeu. Durant votre phase de redressement, déplacez 1 compteur de votre réserve vers cette carte. Durant la phase de redressement de chaque autre Mathusalem, pour chaque compteur sur cette carte, ce Mathusalem brûle 1 point de réserve ou brûle 1 point de sang d'un vampire sous son contrôle. N'importe quel vampire peut brûler cette carte en action (D).",""
"101817","Soak","Absorber","Un vampire ne peut en jouer qu'un seul exemplaire par round.
[for] Prévenir 2 points de dégâts non aggravés.
[FOR] Prévenir 4 points de dégâts non aggravés.","Les blessures qu'il avait subies auraient à coup sûr tué un mortel et auraient été fatales à de nombreux vampires. Jan ne pouvait que remercier le sang de Hardestadt et des anciens du clan Ventrue pour avoir survécu tout ce temps."
"101821","Society Hunting Ground","Haute société, terrain de chasse","Lieu unique. Terrain de chasse.
Durant votre phase de redressement, un vampire disponible que vous contrôlez peut gagner 1 point de sang. Un vampire ne peut gagner de points de sang que d'un seul terrain de chasse à chaque tour.","Les Toréadors sont prisonniers de leur soif de vie nocturne. Telle une sirène, elle les attire avec des promesses de plaisirs interdits."
"101850","Spirit's Touch","Psychométrie","[aus] +1 en interception.
[AUS] Comme ci-dessus, avec 1 manœuvre optionnelle durant le combat résultant si ce vampire bloque.","Nous sommes éternels, le passé nous est présent aussi bien que l'avenir.
Lord Byron, ""Manfred"", acte I, scène 1"
"101856","Sport Bike","Moto de sport","Véhicule.
Son possesseur reçoit +1 en interception. Un serviteur ne peut avoir qu'un seul véhicule.",""
"101857","Spying Mission","Mission d'espionnage","[obf] +1 en discrétion.
[OBF] Seulement utilisable si une morsure devait être réussie. À la place, la morsure ne brûle pas de points de réserve, n'est pas réussie et cette carte est mise sur ce vampire. La prochaine fois que ce vampire est sur le point de mordre avec succès le même Mathusalem, brûlez cette carte et ce vampire reçoit +2 en morsure.","Je rencontre mon ombre au plus profond de l'ombre...
Theodore Roethke, ""Dans un sombre moment"""
"101896","Sudden Reversal","Revers soudain","Hors-tour.
Annulez une carte de maître lorsqu'elle est jouée par un autre Mathusalem et son coût n'est pas à payer.",""
"101913","Swallowed by the Night","Englouti par la nuit","[obf] [ACTION MODIFIER] +1 en discrétion.
[OBF] [COMBAT] Manœuvrer.","Pour périr englouti et perdu
Dans les larges entrailles de la nuit incréée ?
John Milton, ""Le Paradis perdu"""
"101931","Talbot's Chainsaw","La tronçonneuse de Talbot","Arme unique.
Frapper : 3 points de dégâts. Si son possesseur est disponible durant votre phase de redressement, cette arme inflige 3 points de dégâts qui ne peuvent être prévenus à un serviteur disponible que vous contrôlez. Son possesseur ne peut pas chasser. Son possesseur peut entrer en combat contre un serviteur en action (D) à +1 en discrétion. Son possesseur reçoit 1 poursuite (obligatoire), seulement utilisable pour continuer le combat durant le premier round et peut prévenir 1 point de dégâts durant chaque combat.",""
"101942","Target Vitals","Cibler les points vitaux","Visée. Seulement utilisable lorsque ce serviteur choisit sa frappe. Un serviteur ne peut jouer qu'une seule visée par frappe.
Si au moins 1 point de dégâts de cette frappe est infligé avec succès au serviteur opposé, il subit +2 points de dégâts de cette frappe et ne peut pas poursuivre ce round-ci. Il peut défausser deux cartes de combat pour annuler cette carte lorsqu'elle est jouée.",""
"101945","Taste of Vitae","Gorgée de vitæ","Seulement utilisable à la fin d'un round de combat. Non utilisable par un vampire en train d'être brûlé ou d'aller en torpeur. Un vampire ne peut en jouer qu'un seul exemplaire par round.
Ce vampire gagne autant de points de sang que de points de sang perdus par le vampire opposé à cause de dégâts ce round-ci.",""
"101949","Telepathic Misdirection","Distraction télépathique","[aus] +1 en interception.
[AUS] Seulement utilisable si un serviteur est en train de vous mordre, après avoir renoncé à bloquer. Inclinez ce vampire qui réagit. Redirigez la morsure vers un autre Mathusalem autre que le contrôleur du serviteur qui agit (ce Mathusalem peut tenter de bloquer).",""
"101950","Telepathic Tracking","Pistage télépathique","[aus] Poursuivre, seulement utilisable pour continuer le combat. Si un autre round de combat a lieu, ce vampire reçoit 1 manœuvre optionnelle ce round-là.
[AUS] Seulement utilisable si les deux combattants sont toujours disponibles et que le combat doit prendre fin. À la place, démarrez un nouveau round.",""
"101957","Tenebrous Form","Forme ténébreuse","[obt] +1 en discrétion.
[OBT] Comme ci-dessus et les serviteurs sans Obténébration [obt] doivent brûler 1 point de sang pour tenter de bloquer (les alliés ne peuvent pas brûler de points de sang).","Soyez comme une ombre dans la nuit noire ; invisible, inaudible, qu'il n'y ait aucune trace de vos entrées et sorties.
Les Admonestations."
"101963","Thadius Zho","","Mage unique avec 2 points de vie. 0 en force, 2 en morsure.
Thadius Zho peut frapper à toute portée : 2 points de dégâts. Il reçoit 1 manœuvre optionnelle durant chaque combat. Il peut brûler 1 point de sang de n'importe quel vampire en action (D) à +1 en discrétion.",""
"101966","Theft of Vitae","Vol de vitæ","[tha] Frapper à toute portée : voler 1 point de sang ou de vie (convertie en sang).
[THA] Frapper à toute portée : voler 2 points de sang ou de vie (convertie en sang).","Le sang, c'est la vie !
Le sang, c'est la vie !
Bram Stoker, ""Dracula"""
"101989","Toreador Grand Ball","Grand bal Toréador","Choisissez deux Toréadors disponibles que vous contrôlez, mettez cette carte en jeu et inclinez un des deux. Le Toréador incliné ne se redresse pas normalement. Les actions qui ne sont pas des morsures de l'autre Toréador ne peuvent pas être bloquées. N'importe quel serviteur peut brûler cette carte en action (D) ; les Nosferatus reçoivent -1 en discrétion durant cette action.",""
"101990","Toreador Justicar","Justicar Toréador","Titre.
Choisissez un Toréador disponible. Si le référendum passe, cette carte est mise sur le Toréador choisi pour représenter le titre unique de la Camarilla de Justicar Toréador. Durant ce référendum, chaque Toréador disponible reçoit +1 voix.",""
"102012","Trap","Piège","Seulement utilisable avant l'étape de manœuvre durant le premier round de combat.
Mettez cette carte en jeu avec 3 compteurs. Chaque fois qu'une carte est jouée durant ce combat, réinitialisez le nombre de compteurs sur cette carte à 3. Durant l'étape de poursuite de chaque round de ce combat, ce Piège brûle automatiquement 1 compteur sur lui pour fournir 1 poursuite pour continuer le combat (l'un ou l'autre des combattants peut poursuivre pour arrêter le combat). Brûlez cette carte à la fin du combat.",""
"102063","Under Siege","État de siège","Action à +1 en discrétion. Requiert un vampire du Sabbat titré. Unique.
Mettez cette carte en jeu avec 3 compteurs. Une fois par action, un vampire du Sabbat que vous contrôlez peut brûler 1 compteur de cette carte pour se redresser et tenter de bloquer avec +1 en interception, même si de l'interception n'est pas encore nécessaire. Brûlez cette carte si elle n'a plus de compteurs.",""
"102065","Underbridge Stray","Chien errant","Animal avec 1 point de vie. 0 en force, 0 en morsure.
[ani] Cet allié peut brûler 1 point de vie pour donner 1 poursuite à un serviteur que vous contrôlez. Durant une action dirigée contre vous (ou une carte que vous contrôlez), vous pouvez brûler cet allié s'il n'est pas en train de bloquer pour redresser un serviteur disponible que vous contrôlez.
[ANI] Comme ci-dessus, mais cet allié a 2 points de vie et 1 en force.",""
"102071","Unflinching Persistence","Persistance stoïque","[for] Prévenir 1 point de dégâts.
[FOR] Manœuvrer et ce vampire peut prévenir 1 point de dégâts plus tard durant ce round.",""
"102075","University Hunting Ground","Université, terrain de chasse","Lieu unique. Terrain de chasse.
Durant votre phase de redressement, un vampire disponible que vous contrôlez peut gagner 1 point de sang. Un vampire ne peut gagner de points de sang que d'un seul terrain de chasse à chaque tour.",""
"102079","Unmasking, The","Le masque tombe","Géhenne. À ne pas remplacer jusqu'à votre prochaine phase de défausse.
Les alliés reçoivent +1 en interception contre les vampires.","Ceux qui sont pris de panique ont la fâcheuse habitude de ne pas respecter nos traditions de la Mascarade.
Hardestadt, Ventrue"
"102084","Uptown Hunting Ground","Quartier résidentiel, terrain de chasse","Lieu unique. Terrain de chasse.
Durant votre phase de redressement, un vampire disponible que vous contrôlez peut gagner 1 point de sang. Un vampire ne peut gagner de points de sang que d'un seul terrain de chasse à chaque tour.",""
"102092","Vast Wealth","Grande fortune","Mettez cette carte sur un serviteur disponible que vous contrôlez. Si vous contrôlez ce serviteur, il peut s'équiper du premier équipement que vous trouvez dans votre bibliothèque en action à +1 en discrétion (en partant du dessus ; les prérequis et coûts s'appliquent normalement ; mélanger ensuite).",""
"102097","Veil the Legions","Voiler les légions","Seulement utilisable par un vampire redressé et disponible autre que le serviteur qui agit. Pas plus d'un seul exemplaire ne peut être joué chaque action.
[obf] Le serviteur qui agit reçoit +1 en discrétion.
[OBF] Comme ci-dessus et ce vampire peut brûler X points de sang pour donner +1 en discrétion aux X prochaines actions effectuées par vos serviteurs ce tour-ci. Pas plus d'un seul exemplaire ne peut être joué au niveau supérieur chaque tour.",""
"102109","Ventrue Headquarters","Quartier général Ventrue","Lieu unique.
Vous pouvez l'incliner durant l'étape de vote de n'importe quel référendum pour recevoir +3 voix.","Le clan Ventrue est assez proche d'une multinationale. Chaque ville importante a son point de rendez-vous où les Ventrues peuvent chercher des allégeances et obtenir des informations."
"102113","Vessel","Calice","Triviale.
Mettez cette carte sur n'importe quel vampire et vous pouvez brûler une carte nommée /Poupée de sang/. Durant sa phase de redressement, le contrôleur de ce vampire peut déplacer 1 point de sang de ce vampire vers sa réserve ou de sa réserve vers ce vampire.",""
"102121","Villein","Serf","Triviale.
Mettez cette carte sur un vampire que vous contrôlez quel que soit son nombre de points de sang et déplacez de 2 à 5 points de sang de ce vampire vers votre réserve. Les cartes nommées /Drainer le serviteur/ vous coûtent 1 point de réserve de plus à jouer. Serf coûte 1 point de réserve de plus à jouer sur ce vampire.",""
"102126","Visit from the Capuchin","Visite du Capucin","Unique.
Mettez cette carte en jeu avec 4 compteurs. Vous recevez +1 en taille de main pour chaque compteur sur cette carte. Chaque fois que vous devriez remplacer une carte autre que cette carte, à la place brûlez 1 compteur de cette carte. Brûlez cette carte si elle n'a plus de compteurs.",""
"102131","Voter Captivation","Envoûtement des électeurs","Seulement utilisable après résolution d'une action politique dont le référendum est passé.
[pre] Ce vampire gagne 1 point de sang pour chaque voix de différence.
[PRE] Comme ci-dessus, mais déplacez jusqu'à 2 de ces points de sang vers votre réserve au lieu de vers ce vampire.",""
"102137","Wake with Evening's Freshness","Réveil avec la fraîcheur du soir","Seulement utilisable par un vampire incliné. À ne pas remplacer jusqu'à votre phase de redressement.
Ce vampire se réveille (il n'a pas besoin d'être redressé pour jouer des cartes de réaction et tenter de bloquer jusqu'à la fin de l'action).",""
"102139","Walk of Flame","Marcher dans les flammes","Non utilisable durant le premier round de combat.
[tha] Frapper à toute portée : 1 point de dégâts aggravés.
[THA] Frapper à toute portée : 2 points de dégâts aggravés.","Maintenant que vous voilà flammes, je vous dirai comment il faut brûler,
Et purger l'éther de vos ennemis.
John Keats, ""Hypérion"""
"102216","Warrens, The","Le terrier","Seulement utilisable durant une action dirigée contre vous (ou une carte que vous contrôlez).
+2 en interception, avec +1 en interception supplémentaire si ce Nosferatu est titré.",""
"102149","Warsaw Station","Gare de Varsovie","Lieu unique.
Vous pouvez incliner cette carte lorsqu'un Nosferatu annonce une action non dirigée ; après résolution de l'action, si cette action a été réussie, redressez le Nosferatu qui agit. Vous pouvez brûler cette carte (même si elle est inclinée) pour déplacer un Nosferatu en torpeur vers la région disponible.",""
"102151","Wash","Rejet","Hors-tour. Triviale. À ne pas remplacer jusqu'à votre phase de redressement.
Annulez une carte de maître lorsqu'elle est jouée par votre prédateur ou votre proie et son coût n'est pas à payer. Ce Mathusalem reçoit +1 action de phase de maître immédiatement, ou au début de sa prochaine phase de maître si la carte annulée est une carte de maître hors-tour.",""
"102152","Wasserschloss Anif, Austria","Wasserschloss Anif, Autriche","Lieu unique.
Durant votre phase de maître, un Tremere que vous contrôlez peut déplacer 1 de ses points de sang vers cette carte. Vous pouvez l'incliner durant votre phase d'influence pour déplacer tous les compteurs sur cette carte vers un Tremere dans votre région incontrôlée. N'importe quel serviteur peut brûler cette carte en action (D) ; les Malkaviens reçoivent +1 en discrétion durant cette action.",""
"102169","Weighted Walking Stick","Canne lestée","Seulement utilisable avant l'étape de manœuvre durant le premier round de combat.
Mettez cette carte avec 5 compteurs dessus sur ce serviteur ; elle devient un équipement arme de mêlée qui peut frapper : force+1 points de dégâts. Pour chaque point de dégâts infligé par cette frappe (même prévenus), brûlez 1 compteur de cette carte. Brûlez cette carte si elle n'a plus de compteurs. Un serviteur ne peut en avoir qu'un seul exemplaire.",""
"102180","Wider View","Panorama élargi","Triviale.
Mettez cette carte en jeu. Vous pouvez utiliser 1 transfert pour piocher 1 carte de votre crypte et retirer ensuite une carte de crypte dans votre région incontrôlée de la partie. Vous pouvez utiliser 4 transferts pour brûler cette carte et gagner 2 points de réserve.",""
"102207","Zillah's Valley","Vallée de Zillah","Ajoutez 4 points de sang à un vampire de capacité 8 ou plus dans votre région incontrôlée.","Et chaque nuit, trois nuits durant, Zillah s'abreuva du sang de son Sire, bien qu'elle l'ignorât. La troisième nuit, Caïn annonça qu'il allait épouser Zillah, la plus douce de ses Infantes, et elle accepta.
Le Livre de Nod"
