"Id","Name","Card Text","Flavor Text","Name es-ES"
"100001",".44 Magnum","Arma: arma de fuego.
Ataque: 2 de daño a distancia, con una maniobra opcional por combate.","","Magnum .44"
"100015","Academic Hunting Ground","Lugar único. Zona de caza.
Durante tu fase de enderezamiento, un vampiro preparado que controles puede ganar 1 de sangre. Un vampiro puede ganar sangre de sólo una zona de caza por turno.","","Zona de caza: Academia"
"100018","Aching Beauty","
Ponle esta carta a un Toreador. Si este Toreador es bloqueado, el controlador del siervo bloqueador quema 1 de reserva sanguínea antes de la resolución del bloqueo.","¿Vienes del cielo profundo o surges del abismo,
Oh, Belleza? Tu mirada infernal y divina,
Vuelca confusamente el beneficio y el crimen...
Charles Baudelaire, ""Himno a la belleza""","Belleza dolorosa"
"100029","Aid from Bats","[ani] Ataque: 1 de daño a distancia, con 1 maniobra opcional.
[ANI] Como antes, con 1 acoso opcional.","Colgando boca abajo como hileras de trapos viejos y repugnantes
Y sonriendo mientras duermen. ¡Murciélagos!
D.H. Lawrence, ""Murciélago""","Ayuda de murciélagos"
"100031","Aire of Elation","Sólo utilizable durante una acción de sangrado.
[pre] +1 de sangrado, con +1 de sangrado adicional si este vampiro es Toreador (limitada).
[PRE] +2 de sangrado, con +1 de sangrado adicional si este vampiro es Toreador (limitada).","","Aires de euforia"
"100046","Ambush","(D) Entra en combate con un siervo girado. Este siervo activo obtiene 1 maniobra opcional durante ese combate.","Atacaremos desde las sombras cuando llegue el momento, y todo caerá ante nosotros.
Cameron, Lasombra","Emboscada"
"100059","Anarchist Uprising","Si el referéndum prospera, cada Matusalén quema 1 de reserva sanguínea por cada siervo que controle.","Todos somos hermanos de la opresión, y hoy, los hermanos de la opresión se identifican entre sí en todo el mundo.
Malcolm X.","Alzamiento Anarquista"
"100064","Ancient Influence","Sólo se puede jugar o proponer un ejemplar de esta carta por partida.
Si el referéndum prospera, cada Matusalén puede elegir a un vampiro preparado que controle; cada Matusalén gana tanta reserva sanguínea como capacidad tenga el vampiro elegido, y luego quema 5 de reserva sanguínea.","","Influencia de los Ancianos"
"100065","Ancilla Empowerment","Si el referéndum prospera, cada Matusalén quema 1 de reserva sanguínea por cada siervo que controle.","","Fortalecer a los Ancilla"
"100070","Animalism","Disciplina.
Ponle esta carta a un vampiro. Este vampiro obtiene +1 nivel de Animalismo [ani] y +1 de capacidad. No se le puede poner a un vampiro con Animalismo superior [ANI].","","Animalismo"
"100077","Apportation","[tha] Acoso, sólo utilizable para continuar el combate.
[THA] Maniobra.","El arma voló de mis manos como si Dios mismo hubiera intervenido.
Jacob Bragg, Brujah antitribu","Aportación"
"100081","Arcane Library","Lugar único.
Gírala durante tu fase de influencia para añadir 1 de sangre a un Tremere de tu zona incontrolada.","","Biblioteca arcana"
"100093","Army of Rats","Acción con +1 de sigilo.
[ani] Pon esta carta en juego. Durante tu fase de enderezamiento, tu presa quema 1 de reserva sanguínea. Puedes quemar sólo 1 de reserva sanguínea por turno a causa de cartas /Ejército de ratas/. Cualquier siervo puede quemar esta carta con una acción (D).","Pudimos soportar sus constantes obstrucciones sólo por un tiempo. Las ratas fueron la gota que colmó el vaso.
Ventrue antitribu, Trama del invierno de 2002, Dublín","Ejército de ratas"
"100095","Art Museum","Lugar único.
Gírala durante tu fase de influencia para añadir 1 de sangre a un Toreador de tu zona incontrolada.","","Museo de arte"
"100099","Art Scam","Acción con +1 de sigilo.
Gana 2 de reserva sanguínea.","Es ingenioso, pero ¿es arte?
Kipling, ""El acertijo de los talleres""","Fraude artístico"
"100108","Asylum Hunting Ground","Lugar único. Zona de caza.
Durante tu fase de enderezamiento, un vampiro preparado que controles puede ganar 1 de sangre. Un vampiro puede ganar sangre de sólo una zona de caza por turno.","","Zona de caza: Manicomio"
"100131","Banishment","Elige a un vampiro menor. Si el referéndum prospera, el vampiro elegido pasa a la zona incontrolada (rompiendo cualquier efecto de control temporal); las cartas y fichas que tenga el vampiro elegido permanecen con él pero están fuera de juego mientras el vampiro elegido siga incontrolado","","Destierro"
"100135","Barrens, The","Lugar único.
Gírala para descartate de una carta (roba después).","","Tierra infértil"
"100157","Bewitching Oration","Sólo utilizable durante la fase de votación de una acción política.
[pre] Este vampiro consigue +2 votos.
[PRE] Este vampiro consigue +4 votos.","...las cosas han cambiado. Disentiré
y no traicionaré mi pena, mas
siempre me vestiré de negro y las criticaré.
Christine de Pisan, ""Sin título""","Oración fascinante"
"100177","Blanket of Night","[obt] +1 de sigilo.
[OBT] Sólo utilizable por un vampiro preparado que no sea el siervo activo si un siervo intenta bloquear. Gira a este vampiro modificador para hacer que ese intento fracase; ese siervo bloqueador no puede volver a intentar bloquear esta acción.","","Capa de noche"
"100199","Blood Doll","
Ponle esta carta a un vampiro que controles. Durante su fase heril, el controlador de este vampiro puede pasar 1 de sangre de este vampiro a su reserva sanguínea o de su reserva sanguínea a este vampiro.","","Muñeca de sangre"
"100236","Bonding","Sólo utilizable durante una acción de sangrado.
[dom] +1 de sangrado (limitada).
[DOM] +1 de sigilo y +1 de sangrado (limitada).","En cada voz, en cada prohibición,
escucho las cadenas forjadas por la mente.
William Blake, ""Londres""","Vínculo afectivo"
"100243","Bowl of Convergence","Único.
El portador con Áuspex [aus] obtiene +1 de intercepción. El portador con Áuspex superior [AUS] puede quemar 1 de sangre durante una acción para obtener +1 de intercepción adicional.","","Cuenco de la Convergencia"
"100250","Breath of the Dragon","[vic] Ataque: 1 de daño agravado a distancia. Si este ataque se usa de cerca, este vampiro también recibe el daño.
[VIC] Como antes, pero 2 de daño agravado a distancia.","Llevo llamas y muerte a mis enemigos.
Dragos, Tzimisce","Aliento del dragón"
"100298","Carlton Van Wyk","Mortal único con 2 de vida. 0 de fuerza, 0 de sangrado.
Carlton puede atacar a distancia infligiendo 1 de daño. Una vez por combate, puede atacar esquivando. Carlton obtiene +1 de intercepción contra vampiros. Durante tu fase de descarte, puedes quemar a Carlton para quemar a un vampiro que haya cometido Diablerie desde tu último turno.","","Carlton Van Wyk"
"100301","Carrion Crows","Sólo utilizable antes de determinar la distancia. Un vampiro puede jugar sólo un ejemplar de esta carta por combate.
[ani] El siervo oponente recibe 1 de daño ambiental a distancia por asalto en este combate durante la resolución normal de ataques.
[ANI] Como antes, pero recibe 2 de daño ambiental a distancia.","","Cornejas negras"
"100308","Cats' Guidance","[ani] Sólo utilizable por un vampiro girado que ha bloqueado, tras la resolución del bloqueo. Endereza a este vampiro.
[ANI] +1 de intercepción.","Los amantes fervientes, los sabios venerables,
Sienten, cuando maduros, igual predilección
Por los gatos, orgullo de la casa, que son
Como ellos sedentarios y al frío vulnerables.
Charles Baudelaire, ""Los gatos""","Guiado por gatos"
"100323","Change of Target","Sólo utilizable si este siervo es bloqueado, antes de la resolución del bloqueo.
Endereza a este siervo, y la acción termina (sin éxito). Este siervo no puede volver a realizar la misma acción en este turno.","","Cambio de objetivo"
"100324","Changeling","[vic] Sólo utilizable durante una acción de sangrado. +1 de sangrado (limitada).
[VIC] +1 de sigilo.","","Metamorfo"
"100327","Channel 10","Lugar único.
Gírala para darle a un siervo que controles +2 de intercepción. No se puede usar durante la primera acción de una fase servil.","Están muy contentos de ver una historia verídica que les ayude a pasar el tiempo, incluso aunque proceda de fuentes desconocidas. Ambos salimos ganando.","Canal 10"
"100329","Chantry","Lugar único.
Gira esta carta y quema 1 de reserva sanguínea o 1 de sangre de un Tremere preparado que controles durante tu fase heril para pasar un Tremere del letargo a la zona preparada de su controlador.","En libros que son como altares donde nos arrodillamos
Para consagrar el parpadeo, no la llama.
Edwin Arlington Robinson, ""George Crabbe""","Capilla"
"100335","Charnas the Imp","Demonio único con 1 de vida.
Pon a Charnas en cualquier siervo (ésta es una acción (D) con +1 de sigilo si el siervo objetivo está controlado por otro Matusalén). Charnas inflige 1 de daño al empleador durante su fase de enderezamiento. Charnas es inmune al daño procedente del empleador. Si el empleador está a punto de ser quemado, su controlador puede poner a Charnas en cualquier siervo.","","Charnas, el Diablillo"
"100344","Chiropteran Marauder","[vic] Maniobra.
[VIC] Quema 1 de sangre para convertir el daño de los ataques con la mano de este vampiro en agravado este asalto.","","Merodeador quiróptero"
"100362","Cloak the Gathering","[obf] +1 de sigilo.
[OBF] Sólo utilizable por un vampiro preparado que no sea el siervo activo. El siervo activo obtiene +1 de sigilo.","La oscuridad me envolvió de pies a cabeza...
Lord Tennyson, ""In Memoriam""","Encubrir la concurrencia"
"100378","Coma","[dem] Ataque: envía al vampiro oponente al letargo.
[DEM] Como antes, y ese vampiro oponente no se endereza normalmente durante su próxima fase de enderezamiento.","Dormir... tal vez soñar—¡Ay! allí hay algo que detiene al mejor.
¡Qué sueños vendrán en ese sueño de la muerte!
William Shakespeare, ""Hamlet"", acto III, escena 1","Coma"
"100390","Computer Hacking","(D) Sangra con +1 de sangrado.","Mira, c00l3ga, esos piratas informáticos ""D3mons33d 3lit3"" no son g3nial35. No saben escribir...
Synner-G, hacker Gangrel antitribu urbano","Pirateo informático"
"100401","Conditioning","Sólo utilizable durante una acción de sangrado.
[dom] +2 de sangrado (limitada).
[DOM] +3 de sangrado (limitada).","","Condicionamiento"
"100405","Confusion","Sólo utilizable durante una acción de sangrado.
[dem] +1 de sangrado (limitada).
[DEM] +1 de sigilo y +1 de sangrado (limitada).","La confusión es una palabra que hemos inventado para explicar un orden que no se entiende.
Henry Miller","Confusión"
"100410","Consanguineous Boon","Favor.
Elige un clan. Si el referéndum prospera, cada Matusalén gana 1 de reserva sanguínea por cada vampiro del clan elegido que controle.","Hasta cuando juegues con tu hermano, ten un testigo.
Hesíodo, ""Los trabajos y los días""","Favor consanguíneo"
"100444","Creepshow Casino","Lugar único.
Gírala cuando un vampiro que controlas anuncia una acción indirecta para dar a dicho vampiro +1 de sigilo, aunque el sigilo no sea necesario.","","Casino de los Horrores"
"100450","Crocodile's Tongue","Sólo utilizable si un aliado o vampiro menor intenta bloquear.
[aus] Ese intento fracasa y el controlador de ese siervo bloqueador no puede volver a intentar bloquear esta acción. Ese siervo bloqueador puede quemar 1 de sangre o vida para cancelar esta carta al ser jugada.
[AUS] Como antes, pero cancelar esta carta requiere 1 más de sangre o vida.","","Lengua de cocodrilo"
"100492","Daring the Dawn","[for] Los vampiros no pueden bloquear esta acción. Este vampiro recibe 2 de daño agravado ambiental imprevenible tras la resolución de la acción.
[FOR] Como antes, pero este vampiro recibe 1 de daño agravado ambiental imprevenible.","","Desafiar al alba"
"100515","Deep Song","[ani] (D) Sangra con +1 de sangrado.
[ANI] Frenesí. (D) Entra en combate con y gira a un vampiro. El vampiro objetivo se considera el siervo activo en ese combate.","","Canción profunda"
"100518","Deflection","Sólo utilizable si un siervo te está sangrando, tras renunciar a bloquear.
[dom] Gira a este vampiro reactivo. Cambia el objetivo del sangrado por otro Matusalén que no sea el controlador del siervo activo (ese Matusalén puede intentar bloquear).
[DOM] Como antes, pero no gires a este vampiro.","","Desviación"
"100519","Delaying Tactics","Sólo utilizable durante la fase de votación de una acción política.
Cancela el referéndum. Endereza al vampiro activo. Si se ha jugado una carta de acción política para proponer este referéndum, devuélvela a la mano de su propietario (descartándose después). Los siervos controlados por el Matusalén activo no pueden volver a realizar la misma acción política este turno.","","Tácticas dilatorias"
"100541","Día de los Muertos","Sólo se puede jugar un ejemplar de esta carta por partida.
El primer referéndum que un vampiro Sabbat que controles proponga este turno prospera automáticamente (sáltate la fase de votación).","Jugamos muy peligrosamente con la vida y nadie conoce nuestras reglas.
Parke Godwin","Día de los Muertos"
"100573","Dominate Kine","[dom] Acción con +1 de sigilo. (D) Sangra con +1 de sangrado.
[DOM] (D) Roba un lugar controlado por otro Matusalén.","Personalmente nunca habría querido un zoo como zona de caza, pero quitárselo al Gangrel fue una justa represalia.
Ventrue, Trama de 2002, Adelaide","Dominar al ganado"
"100581","Dragonbound","Gehenna. No la reemplaces mientras esta carta esté en juego.
Durante la fase de descarte de cada Matusalén, ese Matusalén quema 1 de reserva sanguínea por cada vampiro en letargo que controle.","¿Es así como es al final? Quizás me quede.
Ramona, Gangrel","Encadenado al Dragón"
"100588","Dreams of the Sphinx","Única.
Pon esta carta en juego. Añade 1 ficha a esta carta cada vez que la gires. Gírala para obtener +2 a la mano hasta el final de este turno. Gírala durante tu fase de enderezamiento para ganar 1 de reserva sanguínea si tienes la Ventaja. Gírala para añadir 1 de sangre a un vampiro de tu zona incontrolada. Quema esta carta si tiene 3 fichas.","","Sueños de la Esfinge"
"100598","Eagle's Sight","[aus] +1 de intercepción.
[AUS] Este vampiro intenta bloquear la acción en curso, ignorando las restricciones normales de presa, depredador u objetivo para bloquear acciones.","","Vista de águila"
"100617","Elder Impersonation","[obf] +1 de sigilo.
[OBF] Sólo utilizable si un siervo intenta bloquear. Ese intento fracasa y el siervo bloqueador no puede volver a intentar bloquear esta acción.","","Suplantar a un Antiguo"
"100620","Elder Library","Lugar único.
+1 a la mano.","Mi biblioteca era un ducado suficientemente grande.
William Shakespeare, ""La Tempestad"", acto I, escena II.","Biblioteca antigua"
"100633","Embrace, The","Acción con +1 de sigilo. Requiere a un vampiro que no sea estéril.
Pon esta carta en juego. Se convierte en un vampiro no único con 1 de capacidad del mismo clan y secta que el vampiro activo, y debe cazar este turno.","","Abrazo, El"
"100640","Enchant Kindred","[pre] (D) Sangra con +1 de sangrado.
[PRE] Acción con +1 de sigilo. Añade 2 de sangre a un vampiro menor de tu zona incontrolada.","Vi pálidos reyes, y princesas también,
Pálidos guerreros, todos con la palidez de la muerte;
Ellos gritaban – ""¡La bella dama sin piedad
Te ha esclavizado!""
John Keats, ""La bella dama sin piedad""","Encantar a los Vástagos"
"100644","Enhanced Senses","[aus] +1 de intercepción.
[AUS] +2 de intercepción.","Las cosas dan a nuestros sentidos sólo lo que rechazan. La flor abandona su olor.
Paul Valéry","Sentidos agudizados"
"100652","Entrancement","[pre] (D) Sangra con +1 de sangrado.
[PRE] Acción (D) con +1 de sigilo. Roba un aliado controlado por otro Matusalén.","Tu fresco perfume me desconcierta
Y en tu opalescencia
Veo los habitados cielos de antaño,
Como por una puerta abierta.
Raoul Ponchon, ""La absenta""","Trance"
"100680","Eyes of Argus","[aus] Sólo utilizable durante una acción directa contra ti (o una carta que controles). +2 de intercepción.
[AUS] Sólo utilizable por un vampiro girado. Este vampiro se despierta (ignora el requisito de estar enderezado para jugar cartas de reacción e intentar bloquear hasta el final de la acción).","","Ojos de Argos"
"100682","Eyes of Chaos","Sólo utilizable durante una acción de sangrado.
[dem] +1 de sangrado (limitada).
[DEM] +2 de sangrado (limitada).","Vivimos en un arco iris de caos.
Paul Cézanne","Ojos del caos"
"100698","Fame","Única.
Ponle esta carta a un vampiro preparado. El controlador de este vampiro quema 3 de reserva sanguínea después de que este vampiro entre en letargo. Durante la fase de enderezamiento de cada Matusalén, si este vampiro está en letargo, ese Matusalén quema 1 de reserva sanguínea.","","Fama"
"100760","Forced Awakening","Sólo utilizable por un vampiro girado.
Este vampiro se despierta (ignora el requisito de estar enderezado para jugar cartas de reacción e intentar bloquear hasta el final de la acción). Si no bloquea esta acción, quema 1 de sangre antes de la resolución de la acción.","","Despertar forzado"
"100779","Foundation Exhibit","Lugar único.
Cada Toreador antitribu no titulado que controles consigue +1 voto. Cualquier vampiro puede quemar esta carta con una acción (D) que cuesta 1 de sangre.","Es como una tortura tener que ver el espectáculo.
Waldorf, Toreador antitribu","Exposición de la Fundación"
"100794","Frontal Assault","Pon esta carta en juego. Cada siervo preparado que controles puede entrar en combate con un siervo controlado por tu presa con una acción (D). Ganas 1 de reserva sanguínea después de que un siervo controlado por tu presa sea quemado o enviado al letargo. Durante tu fase de influencia, quema esta carta y quema 1 de reserva sanguínea por cada siervo preparado controlado por tu presa.","","Asalto frontal"
"100800","Game of Malkav","
Cada uno de los demás Matusalenes elige en secreto un número entre 1 y 5 inclusive; tú eliges un número entre 1 y 6 inclusive. Cada Matusalén extiende el puño cerrado con el número de fichas elegido dentro. Revela las elecciones simultáneamente. Cada Matusalén gana la cantidad de reserva sanguínea que haya elegido, a no ser que otro Matusalén haya elegido exactamente una ficha menos que él, en cuyo caso, quema esa cantidad de reserva sanguínea en vez de ganarla.","","Juego de Malkav"
"100834","Glancing Blow","No la reemplaces hasta tu fase de enderezamiento.
Prevente de 1 de daño del ataque del siervo oponente.","","Golpe de refilón"
"100845","Govern the Unaligned","[dom] (D) Sangra con +2 de sangrado.
[DOM] Acción con +1 de sigilo. Añade 3 de sangre a un vampiro menor de tu zona incontrolada.","","Regir a los no alineados"
"100855","Gregory Winter","Ghoul único con 4 de vida. 1 de fuerza, 1 de sangrado.
Gregory puede robarle 1 de sangre (convirtiéndose en vida) a un vampiro controlado por otro Matusalén con una acción (D) con +1 de sigilo. Él puede quemar a un vampiro en letargo para ganar 2 de vida con una acción (D). Durante tu fase de enderezamiento, Gregory quema 1 de vida.","","Gregory Winter"
"100863","Guard Dogs","Sólo utilizable por un vampiro girado durante un sangrado contra ti.
[ani] Endereza a este vampiro.
[ANI] Como antes, con 1 maniobra opcional en el combate resultante si este vampiro bloquea.","","Perros guardianes"
"100886","Harass","(D) Entra en combate con un vampiro que tenga 3 o menos de sangre o con un siervo girado. Este siervo activo obtiene 1 acoso opcional, sólo utilizable para continuar el combate, durante ese combate.","","Hostigar"
"100903","Heart of Nizchetus","Único.
Si el portador está preparado durante tu fase de enderezamiento, puedes robar hasta 3 cartas sin descartarte y luego pasar la misma cantidad de cartas de tu mano al fondo de tu biblioteca.","En ocasiones, creo que lo veo latir. Tan sólo sombras danzantes, quizás, pero a continuación la fortuna me sonríe.
Radu Bistri, Tzimisce","Corazón de Nizchetus"
"100934","Horrid Form","Sólo utilizable antes de determinar la distancia.
[vic] Este vampiro obtiene +1 de fuerza en este combate.
[VIC] Como antes, y este vampiro puede prevenirse de 1 de daño por asalto.","¿De dónde sales y quién eres, forma execrable?
John Milton, ""El paraíso perdido""","Forma horrenda"
"100945","Hungry Coyote, The","Lugar único.
Los vampiros Sabbat que controles obtienen +1 a la caza.","","Coyote Hambriento, El"
"100973","Indomitability","[for] Prevente de 1 de daño.
[FOR] Acoso, o prevente de 1 de daño con 1 acoso opcional.","","Indomabilidad"
"100984","Information Highway","Lugar único.
+2 transferencias.","","Autopista de la información"
"100986","Inner Essence","Sólo utilizable antes de determinar la distancia. Un vampiro puede jugar sólo un ejemplar de esta carta por combate.
[vic] Una vez durante este combate, este vampiro puede reducir el costo de una carta de combate que juegue en 1 de sangre.
[VIC] Como antes, y este vampiro gana 1 de sangre.","","Esencia interior"
"100995","Instinctive Reaction","Sólo utilizable si un siervo controlado por tu depredador está actuando.
[ani] +1 de intercepción.
[ANI] Como antes, con 1 maniobra opcional durante el combate resultante si este vampiro bloquea.","Hacía mucho que Beckett había aprendido a confiar en sus instintos. Eran tan agudos, aumentados por sus capacidades de no muerto, que a menudo le avisaban de peligros que ni si siquiera su visión nocturna y sentidos agudizados podían detectar.","Reacción instintiva"
"101014","Ivory Bow","Arma única.
Ataque: 1 de daño agravado a distancia.","","Arco de marfil"
"101015","J. S. Simmons, Esq.","Mortal único con 1 de vida.
El empleador obtiene +1 de sangrado.","","Don J. S. Simmons"
"101019","Jake Washington","Única.
Pon esta carta en juego; se convierte en un aliado mortal único con 1 de vida, 0 de fuerza y 0 de sangrado y no cuenta como carta heril mientras esté en juego. Durante tu fase de enderezamiento, puedes quemar a Jake para añadir hasta 4 de sangre a un vampiro preparado sin sangre.","","Jake Washington"
"101055","Kindred Spirits","[dem] (D) Sangra a cualquier Matusalén. Gana 1 de reserva sanguínea si este sangrado tiene éxito (de 1 o más).
[DEM] Como antes, con +1 de sangrado.","Como gotas de agua, mezcladas en una.
William Cowper, ""El reloj""","Almas gemelas"
"101056","Kine Resources Contested","Asigna 4 puntos entre dos o más Matusalenes. Si el referéndum prospera, cada Matusalén quema 1 de reserva sanguínea por cada punto asignado.","","Disputa de recursos ganaderos"
"101067","KRCG News Radio","Lugar único.
Gírala para darle a un siervo que controles +1 de intercepción. Gírala y quema 1 de reserva sanguínea para darle a un siervo controlado por otro Matusalén +1 de intercepción.","","Radio de noticias KRCG"
"101070","Labyrinth, The","Lugar único.
Gírala para darle +1 de sigilo a un Nosferatu que controles.","Pero de manera vaga, anhelo locamente
Encontrarme con algo delgado, enano, fétido y peludo
Con piel repugnante y ojos saltones y legañosos.
Francis Saltus, ""El capricho de una cortesana""","El laberinto"
"101073","Laptop Computer","Electrónico.
El portador obtiene +1 de sangrado. Un siervo puede tener sólo un ejemplar de esta carta.","","Ordenador portátil"
"101089","Legal Manipulations","[pre] (D) Sangra con +2 de sangrado.
[PRE] Como antes, y gana 1 de reserva sanguínea si el sangrado tiene éxito (de 1 o más).","Créeme... Si hay algo que no puedo soportar es el engaño.
Christopher Hampton, ""Las amistades peligrosas"", acto I, escena 5","Manipulaciones legales"
"101102","Library Hunting Ground","Lugar único. Zona de caza.
Durante tu fase de enderezamiento, un vampiro preparado que controles puede ganar 1 de sangre. Un vampiro puede ganar sangre de sólo una zona de caza por turno.","","Zona de caza: Biblioteca"
"101114","Living Manse","Mientras esté en juego, esta carta de equipo representa un lugar y no cuenta como equipo.
Este vampiro obtiene +1 de sangrado. Puede quemar esta carta antes de determinar la distancia para terminar el combate. Un vampiro puede tener sólo un ejemplar de esta carta.","","Mansión viviente"
"101125","Lost in Crowds","[obf] +1 de sigilo. /Desaparecer/ y /Perdido en multitudes/ no se pueden jugar en la misma acción.
[OBF] Como antes, pero +2 de sigilo.","...sabe que un temible demonio
Va cerca detrás de él.
Samuel Taylor Coleridge, ""La balada del viejo marinero""","Perdido en multitudes"
"101144","Majesty","[pre] Ataque: el combate termina.
[PRE] Como antes, y endereza a este vampiro antes de que el combate termine.","Todo esto te daré, si postrado me adorares.
Mateo 4:9 (RVR)","Majestad"
"101216","Mind Tricks","[dem] +1 de sigilo.
[DEM] Como antes, con 1 maniobra o acoso opcionales durante el combate resultante si esta acción es bloqueada.","El poder del pensamiento - ¡Fuerza oculta en el fondo de la mente!
Lord Byron, ""El corsario""","Trucos mentales"
"101223","Mirror Walk","No la reemplaces hasta tu fase de descarte.
[tha] +1 de sigilo.
[THA] Como antes, y si esta acción es bloqueada, gira al siervo bloqueador y termina la acción antes de la resolución de bloqueos.","","Atravesar el espejo"
"101225","Misdirection","
Gira a un siervo.","","Dirección incorrecta"
"101235","Molotov Cocktail","Ataque a distancia: ponle esta carta a este siervo; se convierte en un equipo arma con el se que puede atacar a distancia infligiendo 2 de daño agravado, no utilizable en el asalto en el que se pone en juego. Quémala tras usarla o al final del combate.","Este mundo siempre fue, es y será fuego eternamente vivo.
Heráclito","Cóctel mólotov"
"101238","Monastery of Shadows","Lugar único.
+1 a la mano. Gírala para darle a un vampiro con capacidad 8 o más +1 de sigilo.","","Monasterio de las Sombras"
"101261","Mylan Horseed","Changeling único con 1 de vida. 0 de fuerza, 1 de sangrado.
Una vez por combate, Mylan puede atacar esquivando. Puede enderezar a un vampiro preparado que no sea Camarilla con capacidad 8 o más con una acción con +1 de sigilo. Mylan no puede bloquear vampiros.","","Mylan Horseed"
"101271","Neonate Breach","Elige a uno o más Matusalenes. Si el referéndum prospera, cada Matusalén elegido quema 1 de reserva sanguínea, más 3 de reserva sanguínea adicionales si controla a un vampiro con capacidad 4 o menos.","","Infracción de los Neonatos"
"101272","Nephandus","Mago con 2 de vida. 0 de fuerza, 1 de sangrado.
El Nefando puede atacar a distancia infligiendo 1 de daño. El Nefando obtiene 1 acoso opcional por combate. El Nefando puede quemar a un vampiro en letargo para ganar 1 de vida con una acción (D). Cada ataque o efecto dañino efectuado por el siervo oponente contra el Nefando en combate inflige 1 menos de daño.","","Nefando"
"101292","No Trace","[obf] Sólo utilizable de lejos. Ataque: el combate termina.
[OBF] Ataque: el combate termina.","","Sin rastro"
"101309","Obedience","Sólo utilizable si este vampiro está a punto de entrar en combate con un vampiro activo menor.
[dom] Endereza al vampiro activo y termina la acción. (No gires a este vampiro si está bloqueando). El vampiro activo no puede realizar la misma acción este turno.
[DOM] Como antes, pero no endereces al vampiro activo.","","Obediencia"
"101321","On the Qui Vive","Sólo utilizable por un siervo girado. Un siervo puede jugar sólo un ejemplar de esta carta entre sus fases de enderezamiento.
Este siervo se despierta (ignora el requisito de estar enderezado para jugar cartas de reacción e intentar bloquear hasta el final de la acción). Si este siervo es un aliado, no se endereza normalmente durante su siguiente fase de enderezamiento.","","En estado de alerta"
"101334","Oubliette","[obt] Ataque: el combate termina.
[OBT] Como antes, y el siervo oponente quema 1 de sangre o vida después de que el combate termine (incluso de lejos).","","Mazmorra"
"101346","Palla Grande","Única.
Pon esta carta en juego con 3 fichas. Los Toreadores antitribu obtienen +1 de sangrado. Durante tu fase de descarte, quema 1 ficha de esta carta. Quema esta carta cuando ya no tenga fichas.","","Palla Grande"
"101350","Papillon","Lugar único. Zona de caza. Requiere a un vampiro preparado con un título de ciudad.
Durante tu fase de enderezamiento, un vampiro titulado preparado que controles puede ganar 2 de sangre. Un vampiro puede ganar sangre de sólo una zona de caza por turno.","","Papillon"
"101387","Perfect Paragon","[pre] Sólo utilizable durante la fase de votación de una acción política. Este vampiro consigue +3 votos.
[PRE] Los aliados y vampiros menores obtienen -1 de intercepción.","","Ejemplo de perfección"
"101388","Perfectionist","Arquetipo.
Ponle esta carta a un vampiro que controles. Una vez por turno, este vampiro puede ganar 1 de sangre tras realizar una acción exitosa durante la cual no se hayan jugado cartas de reacción.","","Perfeccionista"
"101415","Political Hunting Ground","Lugar único. Zona de caza.
Durante tu fase de enderezamiento, un vampiro preparado que controles puede ganar 1 de sangre. Un vampiro puede ganar sangre de sólo una zona de caza por turno.","","Zona de caza: Ámbito político"
"101417","Political Stranglehold","Sólo se puede jugar o proponer un ejemplar de esta carta por partida.
Si el referéndum prospera, cada Matusalén gana 3 de reserva sanguínea por cada vampiro que controle con capacidad 8 o más.","","Control político absoluto"
"101430","Power Structure","Única.
Pon esta carta en juego. Gírala durante la fase de votación de una acción política para darle a cada Lasombra que controles +1 voto.","Toda estructura política se basa en el poder.
Weber, ""Economía y sociedad""","Estructura de poder"
"101437","Powerbase: Madrid","Lugar único.
Si esta carta tiene 3 o menos fichas durante tu fase de enderezamiento, puedes añadirle 1 ficha. Gírala durante la fase de votación de cualquier referéndum para darle a un vampiro Sabbat titulado +1 voto por cada ficha de esta carta. Cualquier vampiro controlado por otro Matusalén puede quemar todas las fichas de esta carta con una acción (D).","","Base de poder: Madrid"
"101439","Powerbase: Montreal","Lugar único.
Durante tu fase de influencia, puedes añadir 1 de sangre a un vampiro de tu zona incontrolada. Cualquier vampiro puede robar este lugar con una acción (D).","","Base de poder: Montreal"
"101475","Precognition","[aus] +1 de intercepción.
[AUS] Como antes, y este vampiro puede prevenirse de 1 de daño durante el primer asalto del combate resultante si bloquea.","""Mala memoria, la que sólo funciona hacia atrás"", censuró la Reina.
Lewis Carroll, ""A través del espejo""","Precognición"
"101536","Rack, The","Lugar único.
Al jugar esta carta o cuando el controlador de la misma cambie, el controlador elige a un vampiro preparado que controle. Durante la fase de enderezamiento del controlador, el vampiro elegido puede ganar 2 de sangre. Un vampiro controlado por otro Matusalén puede robar este lugar con una acción (D).","","Coto, El"
"101550","Raven Spy","Animal con 1 de vida.
[ani] El empleador obtiene +1 de intercepción.
[ANI] Como antes, pero el /Cuervo espía/ tiene 2 de vida.","","Cuervo espía"
"101559","Read the Winds","No la reemplaces hasta después de esta acción.
[ani][aus] +1 de intercepción. Este vampiro no se gira por el bloqueo.
[ANI][AUS] Sólo utilizable por un vampiro girado. Este vampiro se endereza e intenta bloquear con +1 de intercepción, aunque la intercepción no sea necesaria.","Ya no hay sorpresas. La noche tiene mil ojos, y yo he tenido mil noches.
Stravinsky, Arzobispo Tzimisce de Ciudad de México","Leer los vientos"
"101588","Rego Motum","Un vampiro puede jugar sólo un ejemplar de esta carta por asalto.
[tha] Prevente de 2 de daño del ataque del siervo oponente.
[THA] Prevente de 4 de daño del ataque del siervo oponente.","","Rego motum"
"101591","Reins of Power","Sólo se puede jugar o proponer un ejemplar de esta carta por partida.
Si el referéndum prospera, cada Matusalén puede elegir a un vampiro preparado que controle. Cada Matusalén gana 6 de reserva sanguínea, y luego quema tanta reserva sanguínea como capacidad tenga el vampiro elegido por su depredador.","","Riendas del poder"
"101610","Resist Earth's Grasp","[cel] [COMBAT] Acoso, o maniobra con 1 acoso opcional.
[CEL] [ACTION MODIFIER] +1 de sigilo.","","Resistir la gravedad"
"101649","Rolling with the Punches","[for] Prevente de 1 de daño.
[FOR] Quema 1 de sangre para prevenirte de todo el daño procedente de los ataques del siervo oponente este asalto.","","Encajar los golpes"
"101686","Scalpel Tongue","Sólo utilizable durante la fase de votación de una acción política.
[cel][pre] Elige a un vampiro que haya emitido votos en este referéndum. El vampiro elegido se gira y se abstiene (esto cancela los votos y papeletas del vampiro elegido).
[CEL][PRE] Como antes, y el vampiro elegido quema 1 de sangre.","","Lengua de escalpelo"
"101692","Scorn of Adonis","Sólo utilizable durante la fase de votación de una acción política.
Cualquier Matusalén que emita (incluso que tenga a un vampiro que emita) al menos 1 voto o papeleta contra el referéndum quema 1 de reserva sanguínea una vez se cuenten los resultados.","","El desprecio de Adonis"
"101706","Second Tradition: Domain","Requiere a un príncipe o justicar.
+2 de intercepción. También utilizable por un príncipe o justicar girado, aunque aún no se necesite intercepción, para quemar 1 de sangre para enderezarse e intentar bloquear con +2 de intercepción.","Nadie podrá desafiar tu juicio mientras se halle en tu dominio.","Segunda tradición: El Dominio"
"101712","Seduction","Sólo utilizable al anunciar la acción.
[dom] Elige a un vampiro menor. El vampiro elegido no puede bloquear esta acción.
[DOM] Como antes, pero elige a cualquier vampiro.","Dejarse llevar es el secreto; renunciar a mí es el mayor placer de todos...
Robbi Sommers, ""Lilit""","Seducción"
"101735","Shadow Body","[obt] Ataque: el combate termina.
[OBT] Como antes, y si este vampiro fue bloqueado mientras realizaba una acción que no era de sangrado ni política, la acción continúa como si no hubiera sido bloqueada.","La abrumadora sombra de algún poder no visto
Entre nosotros flota, aun sin verse.
Percy Bysshe Shelley, ""Himno a la belleza intelectual""","Cuerpo sombrío"
"101743","Shadow Play","[obt] +1 de sigilo.
[OBT] +2 de sigilo.","Cerrarás los ojos
para no mirar por los cristales
la noche y sus negras muecas.
Arthur Rimbaud, ""Sueño para el invierno""","Juego de sombras"
"101774","Shroud of Absence","[dom][obt] +1 de sigilo.
[DOM][OBT] Como antes, y este vampiro puede atacar terminando el combate durante el primer asalto del combate resultante si esta acción es bloqueada.","¡Oh! No me di cuenta de que habías llegado, Marconius. Pillas a la ciudad durmiendo, contra su naturaleza.
Andrea Giovanni","Velo de ausencia"
"101775","Shroud of Night","[obt] +1 de sigilo, no utilizable durante una acción de sangrado.
[OBT] +1 de sigilo.","Ya con sus alas
el  nocturno dragón la tierra encubre.
William Shakespeare, ""Troilo y Crésida""","Sudario de la noche"
"101808","Slum Hunting Ground","Lugar único. Zona de caza.
Durante tu fase de enderezamiento, un vampiro preparado que controles puede ganar 1 de sangre. Un vampiro puede ganar sangre de sólo una zona de caza por turno.","","Zona de caza: Suburbio"
"101811","Smiling Jack, The Anarch","Única.
Pon esta carta en juego. Durante tu fase de enderezamiento, pasa 1 ficha de tu reserva sanguínea a esta carta. Durante la fase de enderezamiento de cada uno de los demás Matusalenes, por cada ficha de esta carta, ese Matusalén quema 1 de reserva sanguínea o quema 1 de sangre de un vampiro que controle. Cualquier vampiro puede quemar esta carta con una acción (D).","","Jack Sonrisas, el Anarquista"
"101817","Soak","Un vampiro puede jugar sólo un ejemplar de esta carta por asalto.
[for] Prevente de 2 de daño no agravado.
[FOR] Prevente de 4 de daño no agravado.","Las heridas que ha sufrido habrían matado a un mortal y habrían destruído a muchos Vástagos. Jan sólo podía dar gracias a la sangre de Hardestadt y de los antiguos del clan Ventrue por haber sobrevivido tanto tiempo.","Absorber"
"101821","Society Hunting Ground","Lugar único. Zona de caza.
Durante tu fase de enderezamiento, un vampiro preparado que controles puede ganar 1 de sangre. Un vampiro puede ganar sangre de sólo una zona de caza por turno.","Los Toreadores son prisioneros de su deseo por la vida nocturna que, cual sirena, los atrae con promesas de placeres prohibidos.","Zona de caza: Alta sociedad"
"101850","Spirit's Touch","[aus] +1 de intercepción.
[AUS] Como antes, con 1 maniobra opcional durante el combate resultante si este vampiro bloquea.","Somos eternos; y para nosotros, el pasado
Es, como el futuro, presente.
Lord Byron, ""Manfred"", acto I, escena 1","Toque del espíritu"
"101856","Sport Bike","Vehículo.
Este siervo obtiene +1 de intercepción. Un siervo puede tener sólo un vehículo.","","Moto deportiva"
"101896","Sudden Reversal","Fuera de turno.
Cancela una carta heril jugada por otro Matusalén al ser jugada, y su costo no se paga.","","Revés repentino"
"101942","Target Vitals","Puntería. Sólo utilizable cuando este siervo elija un ataque. Un siervo puede jugar sólo una puntería por ataque.
Si este ataque inflige daño con éxito al siervo oponente, este último recibe +2 de daño de este ataque, y no puede acosar en este asalto. El siervo oponente puede descartarse de dos cartas de combate para cancelar esta carta al ser jugada.","","Apuntar a los puntos vitales"
"101949","Telepathic Misdirection","[aus] +1 de intercepción.
[AUS] Sólo utilizable si un siervo te está sangrando, tras renunciar a bloquear. Gira a este vampiro reactivo. Cambia el objetivo del sangrado por otro Matusalén que no sea el controlador del siervo activo (ese Matusalén puede intentar bloquear).","","Distracción telepática"
"101950","Telepathic Tracking","[aus] Acoso, sólo utilizable para continuar el combate. Si hay otro asalto de combate, este vampiro obtiene 1 maniobra opcional en ese asalto.
[AUS] Sólo utilizable si ambos combatientes aún están preparados y el combate está a punto de terminar. En lugar de eso, un nuevo asalto comienza.","","Rastreo telepático"
"101957","Tenebrous Form","[obt] +1 de sigilo.
[OBT] Como antes, y los siervos sin Obtenebración [obt] deben quemar 1 de sangre para intentar bloquear","Sé como una sombra en una noche oscura; invisible, silenciosa, no dejes señales de tus idas o venidas.
Las advertencias","Forma tenebrosa"
"101963","Thadius Zho","Mago único con 2 de vida. 0 de fuerza, 2 de sangrado.
Thadius Zho puede atacar: 2 de daño a distancia. Obtiene 1 maniobra opcional por combate. Puede quemarle 1 de sangre a cualquier vampiro con una acción (D) con +1 de sigilo.","","Thadius Zho"
"101966","Theft of Vitae","[tha] Ataque a distancia: roba 1 de sangre o vida (convirtiéndose en sangre).
[THA] Ataque a distancia: roba 2 de sangre o vida (convirtiéndose en sangre).","¡La sangre es la vida!
¡La sangre es la vida!
Bram Stoker, ""Drácula""","Robo de Vitae"
"102012","Trap","Sólo utilizable antes de determinar la distancia durante el primer asalto del combate.
Pon esta carta en juego con 3 fichas. Cada vez que se juegue una carta en este combate, restaura el número de fichas de esta carta a 3. Durante la etapa de acosos de cada asalto de este combate, esta /Trampa/ automáticamente quema 1 de sus fichas para proporcionar un acoso para continuar el combate (cualquiera de los dos combatientes puede acosar para terminar el combate). Quema esta carta al final del combate.","","Trampa"
"102063","Under Siege","Acción con +1 de sigilo. Requiere a un vampiro Sabbat titulado. Única.
Pon esta carta en juego con 3 fichas. Una vez por acción, un vampiro Sabbat que controles puede quemar 1 ficha de esta carta para enderezarse e intentar bloquear con +1 de intercepción, aunque la intercepción no sea necesaria. Quema esta carta cuando ya no tenga fichas.","","Bajo asedio"
"102071","Unflinching Persistence","[for] Prevente de 1 de daño.
[FOR] Maniobra, y este vampiro puede prevenirse de 1 de daño más tarde en este asalto.","","Persistencia inquebrantable"
"102075","University Hunting Ground","Lugar único. Zona de caza.
Durante tu fase de enderezamiento, un vampiro preparado que controles puede ganar 1 de sangre. Un vampiro puede ganar sangre de sólo una zona de caza por turno.","","Zona de caza: Universidad"
"102079","Unmasking, The","Gehenna. No la reemplaces hasta tu siguiente fase de descarte.
Los aliados obtienen +1 de intercepción contra vampiros.","Los que son presas del pánico tienen el desafortunado hábito de olvidar nuestras tradiciones de Mascarada","Desenmascaramiento, El"
"102084","Uptown Hunting Ground","Lugar único. Zona de caza.
Durante tu fase de enderezamiento, un vampiro preparado que controles puede ganar 1 de sangre. Un vampiro puede ganar sangre de sólo una zona de caza por turno.","","Zona de caza: Parte alta"
"102092","Vast Wealth","
Ponle esta carta a un siervo preparado que controles. Si controlas a este siervo, puede equiparse con el primer equipo que encuentres en tu biblioteca con una acción con +1 de sigilo (procediendo de arriba hacia abajo; los requisitos y el coste se aplican normalmente; baraja después).","","Gran riqueza"
"102097","Veil the Legions","Sólo utilizable por un vampiro enderezado preparado que no sea el siervo activo. Sólo se puede jugar un ejemplar de esta carta por acción.
[obf] El siervo activo obtiene +1 de sigilo.
[OBF] Como antes, y este vampiro puede quemar X de sangre para dar a las siguientes X acciones que tus siervos realicen este turno +1 de sigilo. Sólo se puede jugar un ejemplar de esta carta a superior por turno.","","Legiones veladas"
"102109","Ventrue Headquarters","Lugar único.
Gírala durante la fase de votación de cualquier referéndum para conseguir +3 votos.","El clan Ventrue está organizado como si se tratara de una corporación multinacional. Cada ciudad importante tiene un lugar de reunión donde los Ventrue pueden buscar lealtades y obtener información.","Cuartel general Ventrue"
"102113","Vessel","Nimiedad.
Ponle esta carta a cualquier vampiro, y puedes quemar una /Muñeca de sangre/ (si la hay). Durante su fase de enderezamiento, el controlador de este vampiro puede pasar 1 de sangre de este vampiro a su reserva sanguínea o de su reserva sanguínea a este vampiro.","","Recipiente"
"102121","Villein","Nimiedad.
Ponle esta carta a un vampiro que controles que tenga cualquier cantidad de sangre y pasa de 2 a 5 de sangre de ese vampiro a tu reserva sanguínea. /Drenar al siervo/ te cuesta 1 más de reserva sanguínea. Jugarle un /Villano/ a este vampiro cuesta 1 más de reserva sanguínea.","","Villano"
"102137","Wake with Evening's Freshness","Sólo utilizable por un vampiro girado. No la reemplaces hasta tu fase de enderezamiento.
Este vampiro se despierta (ignora el requisito de estar enderezado para jugar cartas de reacción e intentar bloquear hasta el final de la acción).","","Despertar con frescura"
"102139","Walk of Flame","No utilizable durante el primer asalto del combate.
[tha] Ataque: 1 de daño agravado a distancia.
[THA] Ataque: 2 de daño agravado a distancia.","Ahora que sois llamas, os diré cómo quemar
Y purgar el éter de nuestros enemigos.
John Keats, ""Hiperión""","Paseo por las llamas"
"102151","Wash","Fuera de turno. Nimiedad. No la reemplaces hasta tu fase de enderezamiento.
Cancela una carta heril jugada por tu depredador o presa al ser jugada, y su coste no se paga. Ese Matusalén obtiene +1 acción de fase heril inmediatamente, o al principio de su siguiente fase heril si la carta cancelada es una heril fuera de turno.","","Eliminar"
"102169","Weighted Walking Stick","Sólo utilizable antes de determinar la distancia durante el primer asalto del combate.
Ponle esta carta a este siervo y pon 5 fichas en esta carta; se convierte en un arma blanca (equipo) que puede atacar: fuerza+1 de daño. Por cada punto de daño infligido por este ataque (incluso si es prevenido), quema 1 ficha de esta carta. Quema esta carta cuando no tenga fichas. Un siervo puede tener sólo un ejemplar de esta carta.","","Bastón lastrado"
"102180","Wider View","Nimiedad.
Pon esta carta en juego. Puedes usar 1 transferencia para robar 1 carta de tu cripta y luego retirar del juego una carta de cripta de tu zona incontrolada. Puedes usar 4 transferencias para quemar esta carta y ganar 2 de reserva sanguínea.","","Perspectiva más amplia"
"102207","Zillah's Valley","Añade 4 de sangre a un vampiro de tu zona incontrolada con capacidad 8 o más.","Y cada noche, durante tres noches, Zillah bebió de su Sire, sin saberlo. Y, a la tercera noche, Caín anunció que se casaría con ella, su chiquilla más dulce, y ella aceptó.
El libro de Nod","Valle de Zillah, El"
"100058","Anarch Troublemaker","Única.
Pon esta carta en juego. Durante tu fase de enderezamiento, puedes darle el control del /Alborotador anarquista/ a tu presa y girar hasta dos vampiros que controle o bien quemar un equipo de uno de sus siervos.","Soy el acusador y vengador de la sangre...
William Blake, ""El fantasma de Abel""","Alborotador anarquista"
"100632","Elysium: The Palace of Versailles","Lugar único.
Gírala durante la fase de votación de una acción política para dar +1 voto a cada vampiro Camarilla titulado preparado que controles.","","Elíseo: Palacio de Versalles"
"100687","Faceless Night","[obf] +1 de sigilo.
[OBF] Como antes, y cualquier siervo que intente bloquear esta acción y fracase se gira antes de la resolución de la acción.","Que de lo eterno tú eres el rehén
En la prisión del tiempo.
Boris Pasternak, ""Noche""","Noche sin rostro"
"100765","Foreshadowing Destruction","Sólo utilizable durante una acción de sangrado.
[dom] +1 de sangrado (limitada).
[DOM] +3 de sangrado si el Matusalén objetivo tiene 9 o menos de reserva sanguínea (limitada).","","Presagiar la destrucción"
"100788","Freak Drive","Sólo utilizable tras la resolución de la acción.
[for] Sólo utilizable si la acción tuvo éxito. Endereza a este vampiro.
[FOR] Sólo utilizable si la acción fue bloqueada. Endereza a este vampiro.","","Impulso sobrenatural"
"100866","Guardian Angel","Ponle esta carta a un vampiro preparado que controles. Este vampiro obtiene +1 de intercepción durante acciones de sangrado contra ti. Este vampiro puede prevenirse de 1 de daño por combate. Quema esta carta si este vampiro entra en letargo.","","Ángel guardián"
"100897","Haven Uncovered","Ponle esta carta a un vampiro preparado. Cualquier siervo puede entrar en combate con este vampiro con una acción (D) con +1 de sigilo. Este vampiro puede quemar esta carta con una acción (D) con +1 de sigilo.","A través de mi ruina id pues sin que os remuerda.
Charles Baudelaire, ""El muerto alegre""","Refugio descubierto"
"100918","Hidden Strength","[for] Prevente de X+1 de daño.
[FOR] Como antes, con 1 acoso opcional.","","Fuerza oculta"
"100959","Immortal Grapple","Agarre. Sólo utilizable de cerca antes de elegir ataques. Un vampiro puede jugar sólo un ejemplar de esta carta por asalto.
[pot] Los ataques que no sean con la mano no se pueden usar en este asalto (por parte de ninguno de los dos combatientes).
[POT] Como antes, con 1 acoso opcional. Si hay otro asalto de combate, será de cerca (sáltate la etapa de determinar la distancia de ese asalto).","","Agarre inmortal"
"100999","Intimidation","[pre] (D) Sangra con +1 de sangrado.
[PRE] Sangra con +2 de sangrado.","Son débiles y fáciles de intimidar.
Enséñales los colmillos y huirán.
Gerard, Ventrue /antitribu/","Intimidación"
"101040","Kevlar Vest","Una vez por combate, el portador puede prevenirse de 2 de daño procedente de ataques con armas de fuego o de 1 de daño procedente de otras fuentes. Un siervo puede tener sólo un /Chaleco de kevlar/.","","Chaleco de kevlar"
"101104","Life in the City","Nimiedad.
Añade 1 de sangre a un vampiro preparado.","Evito pagar a clientes que puedan echar en falta, pero los solitarios son un buen blanco. Los contrabandistas creen que, además, trafico con esclavos.
Ingrid Galt, anarquista.","Vida en la ciudad"
"101143","Magic of the Smith","Acción con +1 de sigilo.
[tha] Busca en tu biblioteca una carta de equipo y equipa a este vampiro activo con ella (los requisitos y el coste se aplican normalmente; baraja después).
[THA] Como antes, pero ésta es una acción con +3 de sigilo.","","Magia del herrero"
"101254","Murder of Crows","Animal con 1 de vida.
[ani] La /Bandada de cuervos/ inflige 1 de daño a distancia al siervo oponente en cada asalto de combate durante la resolución de ataques normal.
[ANI] Como antes, pero la /Bandada de cuervos/ tiene 2 de vida.","Y en el fondo del hoyo y de la fosa,
¡dispersaos!, ¡uníos!
Arthur Rimbaud, ""Los cuervos""","Bandada de cuervos"
"101353","Parity Shift","Requiere a un príncipe o justicar.
Elige a un Matusalén que tenga más reserva sanguínea que tú, y asigna 3 de su reserva sanguínea entre 1 o más de los demás Matusalenes (incluyéndote a ti). Si el referéndum prospera, el Matusalén elegido pierde esa reserva sanguínea, que es asignada como hayas elegido.","","Cambio de paridad"
"101384","Pentex(TM) Subversion","Única.
Ponle esta carta a un siervo preparado. Este siervo no puede bloquear. Cualquier otro siervo puede quemar esta carta con una acción (D).","","La subversión de Pentex(TM)"
"101483","Preternatural Strength","Acción con +2 de sigilo.
[pot] Ponle esta carta a este vampiro. Este vampiro obtiene +1 de fuerza, y no puede jugar /Poste arrancado/. Un vampiro puede tener sólo un ejemplar de esta carta.
[POT] Como antes, pero este vampiro obtiene +2 de fuerza.","","Fuerza sobrenatural"
"101564","Rebel","Arquetipo. Nimiedad.
Ponle esta carta a un vampiro que controles. Una vez por turno, si bloquea a un vampiro titulado o una acción política, este vampiro gana 1 de sangre antes de la resolución del bloqueo. Un vampiro puede tener sólo un arquetipo.","Ella sabe que he estado combatiendo a los Camarillejos durante mucho tiempo y que sé cómo hacerlo.
Jack Drake, Brujah Anarquista","Rebelde"
"101627","Revelations","Acción con +1 de sigilo.
[aus] (D) Mira la mano de tu presa y descarta de ella una carta de tu elección.
[AUS] Pon esta carta en juego. Tu presa juega con la mano abierta. Cualquier siervo puede quemar esta carta con una acción (D).","","Revelaciones"
"101857","Spying Mission","[obf] +1 de sigilo.
[OBF] Sólo utilizable si un sangrado va a tener éxito. En vez de eso, el sangrado no quema reserva sanguínea, no tiene éxito, y esta carta se le pone a este vampiro. La próxima vez que este vampiro vaya a sangrar con éxito al mismo Matusalén, quema esta carta y este vampiro obtiene +2 de sangrado.","Me reúno con mi sombra en la cada vez más profunda sombra...
Theodore Roethke, ""En un oscuro tiempo""","Misión de espionaje"
"101913","Swallowed by the Night","[obf] [ACTION MODIFIER] +1 de sigilo.
[OBF] [COMBAT] Maniobra.","¿Para perecer sepultados y perdidos en las anchurosas entrañas de una noche increada?
John Milton, ""El paraíso perdido""","Tragado por la noche"
"101945","Taste of Vitae","Sólo utilizable al final de un asalto de combate. No utilizable por un vampiro que se esté quemando o entrando en letargo. Un vampiro puede jugar sólo un ejemplar de esta carta por combate.
Este vampiro gana tanta sangre como sangre haya perdido el vampiro oponente debido al daño en este asalto.","","Saborear la Vitae"
"101989","Toreador Grand Ball","Elige a dos Toreadores preparados que controles, pon esta carta en juego, y gira a uno de los dos. El Toreador girado no se endereza normalmente. Las acciones que no sean de sangrado del otro Toreador no se pueden bloquear. Cualquier siervo puede quemar esta carta con una acción (D); los Nosferatu obtienen -1 de sigilo en esa acción.","","Gran baile Toreador"
"101990","Toreador Justicar","Título.
Elige a un Toreador preparado. Si el referéndum prospera, esta carta se pone en el Toreador elegido para representar el título Camarilla único de Justicar Toreador. En este referéndum, cada Toreador preparado obtiene +1 voto.","","Justicar Toreador"
"102065","Underbridge Stray","Animal con 1 de vida. 0 de fuerza, 0 de sangrado.
[ani] Este aliado puede quemar 1 de vida para dar 1 acoso a un siervo que controles. Durante una acción directa contra ti (o una carta que controles), puedes quemar a este aliado, si no está bloqueando, para enderezar a un siervo preparado que controles.
[ANI] Como antes, pero este aliado tiene 2 de vida y 1 de fuerza.","","Perro callejero"
"102126","Visit from the Capuchin","Única.
Pon esta carta en juego con 4 fichas. Obtienes +1 a la mano por cada ficha de esta carta. Cada vez que vayas a reemplazar una carta que no sea ésta, en vez de eso quema 1 ficha de esta carta. Quema esta carta cuando ya no tenga fichas.","","Visita del Capuchino"
"102131","Voter Captivation","Sólo utilizable tras la resolución de una acción política cuyo referéndum haya prosperado.
[pre] Este vampiro gana 1 de sangre por cada voto de diferencia por el cual el referéndum haya prosperado.
[PRE] Como antes, pero pasa hasta 2 de esa sangre a tu reserva sanguínea en vez de a este vampiro.","","Cautivar al votante"
"102149","Warsaw Station","Lugar único.
Puedes girar esta carta cuando un Nosferatu anuncie una acción indirecta. Tras resolverse la acción, si ésta ha tenido éxito, endereza al Nosferatu activo. Puedes quemar esta carta (aunque esté girada) para pasar a un Nosferatu en letargo a tu zona preparada.","","Estación Varsovia"
"102152","Wasserschloss Anif, Austria","Lugar único.
Durante tu fase heril, un Tremere que controles puede pasar 1 de sangre de sí mismo a esta carta. Gírala durante tu fase de influencia para pasar todas las fichas de esta carta a un Tremere de tu zona incontrolada. Cualquier siervo puede quemar esta carta con una acción (D); los Malkavian obtienen +1 de sigilo en esa acción.","","Palacio del Agua Anif, Austria"
"102213","Creeping Sabotage","Acción con +1 de sigilo.
X es el número de /Sabotajes progresivos/ que controles. Pon esta carta en juego. Durante tu fase de enderezamiento, tu presa quema 1 de reserva sanguínea. Cualquier siervo puede quemar esta carta con una acción (D).","","Sabotaje progresivo"
"102214","Protected District","Requiere a un primogénito. Sólo utilizable durante una acción de sangrado contra ti o durante la fase de votación de una acción política.
Reduce la cantidad de sangrado en 3 o este vampiro consigue +3 votos contra el referéndum.","","Distrito protegido"
"102215","Roundhouse","[pot] Ataque: ataca con la mano con +2 de daño.
[POT] Ataque: ataca con la mano con +3 de daño.","","Gancho lateral"
"102216","Warrens, The","Sólo utilizable durante una acción directa contra ti (o una carta que controles).
+2 de intercepción, con +1 de intercepción adicional si este Nosferatu tiene título.","","Entramado de túneles"
"100037","Alamut","Lugar único.
Después de que un Assamita que controles sangre con éxito a un Matusalén, pon en esta carta la reserva sanguínea perdida por ese Matusalén. Quema X de sangre de esta carta durante la fase de votación de una acción política para darle +X votos a un vampiro que controles.","","Alamut"
"100071","Ankara Citadel, Turkey, The","Mientras esté en juego, esta carta de equipo representa un lugar y no cuenta como equipo. Única.
Jugar cartas que cuesten sangre y no sean modificadores de acción le cuesta a este vampiro la mitad de sangre, redondeando hacia abajo (primero va la multiplicación y la división, y luego la suma y la resta).","","La Ciudadela de Ankara, Turquía"
"100126","Backways","Lugar único.
Gírala para darle +1 de sigilo a un Gangrel que controles.","","Atajo"
"100146","Beast Meld","[ani][pro] +1 de sigilo. Si este vampiro es bloqueado, puede prevenirse de 1 de daño en el combate resultante.
[ANI][PRO] Sólo utilizable al anunciar una acción que no sea de sangrado. Los vampiros no pueden bloquear esta acción.","","Fusión bestial"
"100169","Black Metamorphosis","Acción con +1 de sigilo.
[obt] Ponle esta carta a este vampiro. Este vampiro obtiene 1 ataque adicional opcional (limitado) por combate. Un vampiro puede tener sólo un ejemplar de esta carta.
[OBT] Como antes, y este vampiro obtiene 1 acoso opcional por combate.","","Metamorfosis negra"
"100286","Camarilla Vitae Slave","Criado con 1 de vida.
El empleador obtiene +1 de capacidad. Durante su fase heril, puede elegir una Disciplina de nivel básico que posea y obtener el nivel superior de dicha Disciplina hasta su próxima fase heril.","","Esclavo de Vitae de la Camarilla"
"100435","Coven, The","Única. Nimiedad.
Pon esta carta en juego. Gírala para añadir 2 de sangre a un vampiro preparado que controles. Durante tu fase de descarte, tu depredador toma el control de /La cofradía/.","","La cofradía"
"100600","Earth Control","[pro] +1 de sigilo.
[PRO] +2 de sigilo.","Lo que ha nacido de la tierra a la tierra retoma.
Marco Aurelio","Control de la tierra"
"100601","Earth Meld","[pro] Ataque: el combate termina.
[PRO] Como antes, y endereza a este vampiro antes de que el combate termine.","A través del espesor de la tierra y de la roca,
A través del montón confuso de vuestra ceniza.
Charles Baudelaire, ""Lo imprevisto""","Fusión con la tierra"
"100609","Ecoterrorists","Lugar único.
Gírala durante tu fase de influencia para añadir 1 de sangre a un Gangrel de tu zona incontrolada.","... hoy puedes matar tierras para lucrarte. Puedes dejar el cadáver a la vista de todos, y nadie llama a la policía.
Paul Brooks, ""La búsqueda de la naturaleza""","Ecoterroristas"
"100645","Enkil Cog","Única. Requiere a un vampiro con capacidad 10 o más. Sólo utilizable tras la resolución de un sangrado exitoso contra tu presa.
Ponle esta carta a este vampiro. Este vampiro obtiene +1 de sangrado. Durante la fase servil de cualquier Matusalén, este vampiro puede girar esta carta para realizar una acción.","","Vasallo de Enkil"
"100646","Ennoia's Theater","Lugar único.
Gírala para obtener +1 a la mano este turno. Gírala durante tu fase de influencia para obtener +1 transferencia.","","Teatro de Ennoia"
"100651","Entombment","[obt] Ataque: quema al aliado oponente.
[OBT] Ataque: envía al vampiro oponente al letargo.","Olvidaráse de ellos el seno materno; de ellos sentirán los gusanos dulzura; Nunca más habrá de ellos memoria.
Job 24:20 (VRJ)","Sepultura"
"100710","Fear of Mekhet","Ponle esta carta a un justicar o miembro del Círculo Interior preparado y gíralo. Durante la fase de enderezamiento de este vampiro, éste quema 5 de sangre. Si no puede quemar la sangre, se quema; de lo contrario, su controlador pasa esta carta a otro justicar o miembro del Círculo Interior, o quema esta carta si no hay más.","","Miedo a Mekhet"
"100720","Femur of Toomler","Arma blanca única.
Ataque: fuerza+1 de daño agravado.","Fue con este hueso que destruímos a uno de los fundadores de los Tremere, así que te sugiero que lo trates con un poco más de respeto.
Meshenka, Tzimisce","Fémur de Toomler"
"100761","Forced March","Un vampiro puede jugar sólo un ejemplar de esta carta por turno.
[cel][for] Sólo utilizable tras la resolución de una acción exitosa. Endereza a este vampiro.
[CEL][FOR] +1 de sigilo. Tras la resolución de la acción, si ha tenido éxito, este vampiro puede quemar 1 de sangre para enderezarse.","","Marcha forzada"
"100770","Form of Corruption","[ser] Pon esta carta en juego. Cada vez que tu presa obtenga la Ventaja, añade 1 ficha a esta carta. Si el número de fichas de esta carta iguala o supera la cantidad de sangre de un vampiro controlado por tu presa durante tu fase heril, puedes quemar esta carta para robar ese vampiro. Un Matusalén puede tener sólo una /Forma de corrupción/.
[SER] Como antes, y tu presa quema 1 de reserva sanguínea después de que quemes esta carta.","","Forma de corrupción"
"100771","Form of Mist","[pro] Ataque: esquiva.
[PRO] Ataque: el combate termina. Si este vampiro está actuando y la acción fue bloqueada, puede quemar 1 de sangre después de que termine el combate para continuar la acción con +1 de sigilo como si no hubiera sido bloqueada, aunque el sigilo no sea necesario. Un vampiro puede jugar sólo un ejemplar de esta carta a superior por acción.","Y sin embargo soy, semejante a vapores.
John Clare, ""Yo soy""","Forma de niebla"
"100824","Giant's Blood","Sólo se puede jugar un ejemplar de esta carta por partida.
Rellena a un vampiro hasta su plena capacidad con sangre del banco de sangre.","Ox ya es difícil de manejar. Habría sido imparable si hubiera bebido la sangre del gigante. ¡No podíamos permitirlo!
Ventrue, Trondheim, Trama de 2002","Sangre del gigante"
"100882","Hand of Conrad","Único.
Este vampiro obtiene Potencia superior [POT]. Este vampiro puede pasar a un vampiro de tu montón de ceniza a tu zona incontrolada con una acción.","","Mano de Conrad"
"100908","Heidelberg Castle, Germany","Lugar único.
Gírala para pasar sangre, equipo o criados entre dos vampiros preparados que controles. No se puede usar durante una acción.","La noche. La lluvia. Un cielo incoloro que desgarra
De flechas y de torres a plena luz la silueta
De una ciudad gótica apagada en la gris lejanía.
Paul Verlaine, ""Efecto nocturno""","Castillo de Heidelberg, Alemania"
"100932","Homunculus","Criado con 1 de vida.
[pro] Durante la fase de enderezamiento de cualquier Matusalén, este vampiro puede quemar 1 de sangre para enderezarse.
[PRO] Como antes, pero el /Homúnculo/ tiene 2 de vida.","Un montón de huesos en un saco de piel, un globo desinflado; un bulto horrible.
R. Chetwynd-Hayes, ""Buscando algo que chupar""","Homúnculo"
"100994","Instantaneous Transformation","[cel][pro] +1 de sigilo.
[CEL][PRO] Sólo utilizable tras la resolución de una acción exitosa. Endereza a este vampiro. Un vampiro puede jugar sólo un ejemplar de esta carta a superior por turno.","","Transformación instantánea"
"101048","Khobar Towers, Al-Khubar","Lugar único.
Gírala durante tu fase de enderezamiento para retirar de la partida a un siervo preparado que controles y ganar X de reserva sanguínea, donde X es la capacidad de ese vampiro o el costo de sangre o reserva sanguínea de ese aliado.","","Torres Jobar, Al Jubar"
"101091","Legendary Vampire","Única.
Ponle esta carta a un vampiro con capacidad 7 o más que haya entrado en tu zona preparada durante tu última fase de influencia. Este vampiro obtiene +2 de sangrado y +2 votos. Cualquier vampiro puede proponer un referéndum para quemar esta carta con una acción política con +1 de sigilo.","","Vampiro legendario"
"101103","Life Boon","Fuera de turno. Favor.
Dale reserva sanguínea a un Matusalén sin reserva sanguínea para mantenerlo en la partida, y pon esta carta en juego. Durante cada una de sus fases de enderezamiento, puedes robarle 1 de reserva sanguínea a ese Matusalén. Cualquier punto de victoria que gane ese Matusalén lo ganas tú en su lugar, hasta que seas eliminado o hasta que hayas ganado 1 punto de victoria por esta carta. Quema esta carta después de que hayas ganado 1 punto de victoria por ella.","","Favor de por vida"
"101256","Murmur of the False Will","[dom] [ACTION MODIFIER] Sólo utilizable durante una acción de sangrado. +1 de sangrado (limitada).
[DOM] [REACTION] Sólo utilizable si un vampiro menor te está sangrando, tras renunciar a bloquear. Gira a este vampiro reactivo. Cambia el objetivo del sangrado por otro Matusalén que no sea el controlador del vampiro activo (ese Matusalén puede intentar bloquear).","","Murmullo de la falsa voluntad"
"101390","Permanent Vacation","Elige a un aliado preparado. Si el referéndum prospera, el aliado elegido se retira de la partida.","It's only forever
It's not long at all
Lost and lonely.
David Bowie, ""Underground""","Vacaciones permanentes"
"101542","Rapid Change","[pro] [ACTION MODIFIER] +1 de sigilo.
[PRO] [COMBAT] Ataque: el combate termina.","Nuestra naturaleza está en el movimiento; el reposo completo es la muerte.
Blaise Pascal, ""Pensamientos""","Cambio rápido"
"101664","Rutor's Hand","Acción con +1 de sigilo.
[tha] Ponle esta carta a este vampiro, y este vampiro recibe 1 de daño agravado ambiental imprevenible. A partir de tu próximo turno, este vampiro puede enderezarse durante tu fase servil. Un vampiro puede tener sólo un ejemplar de esta carta.
[THA] Como antes, y este vampiro puede quemar 3 de sangre para ser inmune a este daño agravado.","","La mano de Rutor"
"101681","Sargon Fragment, The","Único.
Este vampiro obtiene Nigromancia superior [NEC]. Este vampiro puede pasar una carta de biblioteca de tu montón de ceniza a tu mano con una acción que cuesta 1 de sangre (descártate después).","","El fragmento de Sargón"
"101781","Signet of King Saul, The","Único.
Los vampiros con capacidad 8 o más no pueden intentar bloquear al portador.","","El sello del rey Saúl"
"101931","Talbot's Chainsaw","Arma única.
Ataque: 3 de daño. Si el portador está preparado durante tu fase de enderezamiento, esta arma inflige 3 de daño imprevenible a un siervo preparado que controles. El portador no puede cazar. El portador puede entrar en combate con un siervo con una acción (D) con +1 de sigilo. El portador obtiene 1 acoso (obligatorio), sólo utilizable para continuar el combate durante el primer asalto, y puede prevenirse de 1 de daño por combate.","","La motosierra de Talbot"
